sourceFile,region,listingNumber,status,apn,address,zip,listingDate,pendingDate,contractualDate,sellingDate,listingPrice,originalPrice,sellingPrice,bidUpAmount,bidUpPct,saleToListRatio,dom,cdom,daysToPending,daysPendingToSale,beds,baths,sqft,yearBuilt,styleCode,subdivision,hasPendingContext,missingReasons,zillowUrl,kingCountyUrl
NE Seattle Rich Snapshot.csv,NE Seattle,2495159,Sold,1868902365,"6210 28th Ave NE, Seattle WA 98115",98115,2026-03-19,,2026-03-19,2026-03-19,1515000,1515000,1515000,0,0,1,,0,,,4,2.75,2260,1925,18 - 2 Stories w/Bsmnt,Bryant,false,missing_pending_date,https://www.zillow.com/homes/6210-28th-ave-ne-seattle-wa-98115_rb/,https://blue.kingcounty.com/Assessor/eRealProperty/Dashboard.aspx?ParcelNbr=1868902365
NW Seattle Rich Snapshot.csv,NW Seattle,2494636,Sold,9144100067,"9629 Mary Ave NW, Seattle WA 98117",98117,2026-03-17,,2026-03-17,2026-03-17,805000,805000,805000,0,0,1,,0,,,3,1,1050,1950,10 - 1 Story,Crown Hill,false,missing_pending_date,https://www.zillow.com/homes/9629-mary-ave-nw-seattle-wa-98117_rb/,https://blue.kingcounty.com/Assessor/eRealProperty/Dashboard.aspx?ParcelNbr=9144100067
Central Seattle Rich Snapshot.csv,Central Seattle,2490816,Sold,5332200027,"626 Lake Washington Blvd E, Seattle WA 98112",98112,2026-03-10,,2026-03-10,2026-03-10,819000,819000,819000,0,0,1,,0,,,2,2.5,1360,1997,32 - Townhouse,Madison Park,false,missing_pending_date,https://www.zillow.com/homes/626-lake-washington-blvd-e-seattle-wa-98112_rb/,https://blue.kingcounty.com/Assessor/eRealProperty/Dashboard.aspx?ParcelNbr=5332200027
NE Seattle Rich Snapshot.csv,NE Seattle,2490015,Sold,7697100070,"3057 NE 86th St, Seattle WA 98115",98115,2026-03-06,,2026-03-06,2026-03-06,1350000,1350000,1350000,0,0,1,,0,,,6,2,2620,1946,17 - 1 1/2 Stry w/Bsmt,Wedgwood,false,missing_pending_date,https://www.zillow.com/homes/3057-ne-86th-st-seattle-wa-98115_rb/,https://blue.kingcounty.com/Assessor/eRealProperty/Dashboard.aspx?ParcelNbr=7697100070
NE Seattle Rich Snapshot.csv,NE Seattle,2487973,Sold,,"1012 NE 70th St, Seattle WA 98115",98115,2026-03-03,,2026-03-03,2026-03-03,1100100,1100100,1100100,0,0,1,,0,,,3,2.75,1639,2026,32 - Townhouse,Roosevelt,false,missing_pending_date,https://www.zillow.com/homes/1012-ne-70th-st-seattle-wa-98115_rb/,
NW Seattle Rich Snapshot.csv,NW Seattle,2487209,Sold,0579001970,"2333 NW 98th St, Seattle WA 98117",98117,2026-03-03,,2026-03-03,2026-03-03,1400000,1400000,1400000,0,0,1,,0,,,3,2.5,2800,1958,14 - Split Entry,North Beach,false,missing_pending_date,https://www.zillow.com/homes/2333-nw-98th-st-seattle-wa-98117_rb/,https://blue.kingcounty.com/Assessor/eRealProperty/Dashboard.aspx?ParcelNbr=0579001970
NW Seattle Rich Snapshot.csv,NW Seattle,2487180,Sold,7518505770,"6755 21st Ave NW, Seattle WA 98117",98117,2026-02-27,,2026-02-27,2026-02-27,830000,830000,830000,0,0,1,,0,,,3,1,5100,1900,18 - 2 Stories w/Bsmnt,Ballard,false,missing_pending_date,https://www.zillow.com/homes/6755-21st-ave-nw-seattle-wa-98117_rb/,https://blue.kingcounty.com/Assessor/eRealProperty/Dashboard.aspx?ParcelNbr=7518505770
NW Seattle Rich Snapshot.csv,NW Seattle,2488644,Sold,,"8321 25th Ave NW A, Seattle WA 98117",98117,2026-02-27,,2026-02-27,2026-02-27,1365000,1365000,1365000,0,0,1,,0,,,4,3.5,2350,2026,34 - Condo (3 Levels),Loyal Heights,false,missing_pending_date,https://www.zillow.com/homes/8321-25th-ave-nw-a-seattle-wa-98117_rb/,
QA_Magnolia Rich Snapshot.csv,QA Magnolia,2484329,Sold,6821102035,"3215 31st Ave W, Seattle WA 98199",98199,2026-02-24,,2026-02-24,2026-02-24,835000,835000,835000,0,0,1,,0,,,2,2,990,1942,16 - 1 Story w/Bsmnt.,Magnolia,false,missing_pending_date,https://www.zillow.com/homes/3215-31st-ave-w-seattle-wa-98199_rb/,https://blue.kingcounty.com/Assessor/eRealProperty/Dashboard.aspx?ParcelNbr=6821102035
QA_Magnolia Rich Snapshot.csv,QA Magnolia,2483874,Sold,0809002697,"2106 1st Ave N, Seattle WA 98109",98109,2026-02-23,,2026-02-23,2026-02-23,1219000,1219000,1219000,0,0,1,,0,,,3,2.5,1568,2025,32 - Townhouse,Queen Anne,false,missing_pending_date,https://www.zillow.com/homes/2106-1st-ave-n-seattle-wa-98109_rb/,https://blue.kingcounty.com/Assessor/eRealProperty/Dashboard.aspx?ParcelNbr=0809002697
NE Seattle Rich Snapshot.csv,NE Seattle,2483848,Sold,5101405151,"866 NE 96th St, Seattle WA 98115",98115,2026-02-23,,2026-02-23,2026-02-23,800000,800000,800000,0,0,1,,0,,,3,1.75,1570,2017,32 - Townhouse,Maple Leaf,false,missing_pending_date,https://www.zillow.com/homes/866-ne-96th-st-seattle-wa-98115_rb/,https://blue.kingcounty.com/Assessor/eRealProperty/Dashboard.aspx?ParcelNbr=5101405151
NW Seattle Rich Snapshot.csv,NW Seattle,2486970,Sold,,"838 NW 50th, Seattle WA 98107",98107,2026-02-20,,2026-02-20,2026-02-20,890000,890000,890000,0,0,1,,0,,,3,2.5,1700,2025,32 - Townhouse,Ballard,false,missing_pending_date,https://www.zillow.com/homes/838-nw-50th-seattle-wa-98107_rb/,
QA_Magnolia Rich Snapshot.csv,QA Magnolia,2482425,Sold,2533300629,"2920 11th Ave W, Seattle WA 98119",98119,2026-02-18,,2026-02-18,2026-02-18,1175000,1175000,1175000,0,0,1,,0,,,3,1.5,2160,1948,16 - 1 Story w/Bsmnt.,Queen Anne,false,missing_pending_date,https://www.zillow.com/homes/2920-11th-ave-w-seattle-wa-98119_rb/,https://blue.kingcounty.com/Assessor/eRealProperty/Dashboard.aspx?ParcelNbr=2533300629
NE Seattle Rich Snapshot.csv,NE Seattle,2482911,Sold,9421500100,"13308 28th Ave NE, Seattle WA 98125",98125,2026-02-17,,2026-02-17,2026-02-17,870000,870000,870000,0,0,1,,0,,,3,1.75,1960,1960,16 - 1 Story w/Bsmnt.,Olympic Hills,false,missing_pending_date,https://www.zillow.com/homes/13308-28th-ave-ne-seattle-wa-98125_rb/,https://blue.kingcounty.com/Assessor/eRealProperty/Dashboard.aspx?ParcelNbr=9421500100
Central Seattle Rich Snapshot.csv,Central Seattle,2481863,Sold,1338300040,"1227 20th Ave E, Seattle WA 98112",98112,2026-02-16,,2026-02-16,2026-02-16,1850000,1850000,1850000,0,0,1,,0,,,7,2.5,3040,1912,17 - 1 1/2 Stry w/Bsmt,North Capitol Hill,false,missing_pending_date,https://www.zillow.com/homes/1227-20th-ave-e-seattle-wa-98112_rb/,https://blue.kingcounty.com/Assessor/eRealProperty/Dashboard.aspx?ParcelNbr=1338300040
NW Seattle Rich Snapshot.csv,NW Seattle,2483336,Sold,6399630010,"10541 Ashworth Ave N A, Seattle WA 98133",98133,2026-02-13,,2026-02-13,2026-02-13,1075000,1075000,1075000,0,0,1,,0,,,3,2.75,2200,1951,31 - Condo (2 Levels),Haller Lake,false,missing_pending_date,https://www.zillow.com/homes/10541-ashworth-ave-n-a-seattle-wa-98133_rb/,https://blue.kingcounty.com/Assessor/eRealProperty/Dashboard.aspx?ParcelNbr=6399630010
NW Seattle Rich Snapshot.csv,NW Seattle,2480542,Sold,0579003445,"2142 NW 95th St, Seattle WA 98117",98117,2026-02-13,,2026-02-13,2026-02-13,950000,950000,950000,0,0,1,,0,,,2,1.75,2000,1947,16 - 1 Story w/Bsmnt.,North Beach,false,missing_pending_date,https://www.zillow.com/homes/2142-nw-95th-st-seattle-wa-98117_rb/,https://blue.kingcounty.com/Assessor/eRealProperty/Dashboard.aspx?ParcelNbr=0579003445
QA_Magnolia Rich Snapshot.csv,QA Magnolia,2480501,Sold,3879901253,"327 W Olympic Place C, Seattle WA 98119",98119,2026-02-13,,2026-02-13,2026-02-13,1050000,1050000,1050000,0,0,1,,0,,,2,1.75,1503,2016,32 - Townhouse,Queen Anne,false,missing_pending_date,https://www.zillow.com/homes/327-w-olympic-place-c-seattle-wa-98119_rb/,https://blue.kingcounty.com/Assessor/eRealProperty/Dashboard.aspx?ParcelNbr=3879901253
NW Seattle Rich Snapshot.csv,NW Seattle,2480238,Sold,4441300136,"9003 View Ave NW, Seattle WA 98117",98117,2026-02-11,,2026-02-11,2026-02-11,1312000,1312000,1312000,0,0,1,,0,,,3,1.75,2090,1948,16 - 1 Story w/Bsmnt.,North Beach,false,missing_pending_date,https://www.zillow.com/homes/9003-view-ave-nw-seattle-wa-98117_rb/,https://blue.kingcounty.com/Assessor/eRealProperty/Dashboard.aspx?ParcelNbr=4441300136
Central Seattle Rich Snapshot.csv,Central Seattle,2479263,Sold,9828702050,"1833 27th Ave, Seattle WA 98122",98122,2026-02-10,,2026-02-10,2026-02-10,850000,850000,850000,0,0,1,,0,,,3,2.5,1680,2010,32 - Townhouse,Madison Park,false,missing_pending_date,https://www.zillow.com/homes/1833-27th-ave-seattle-wa-98122_rb/,https://blue.kingcounty.com/Assessor/eRealProperty/Dashboard.aspx?ParcelNbr=9828702050
Central_South Seattle Sale Stats.csv,Central South Seattle,2475992,Sold,8722100700,"1924 E Blaine St, Seattle WA 98112",98112,2026-02-02,,2026-02-02,2026-02-02,1500000,1500000,1500000,0,0,1,,0,,,3,2.5,2620,1926,18 - 2 Stories w/Bsmnt,Montlake,false,missing_pending_date,https://www.zillow.com/homes/1924-e-blaine-st-seattle-wa-98112_rb/,https://blue.kingcounty.com/Assessor/eRealProperty/Dashboard.aspx?ParcelNbr=8722100700
NW Seattle Sale Stats.csv,NW Seattle,2476129,Sold,7518501115,"7309 16th Ave NW, Seattle WA 98117",98117,2026-02-02,,2026-02-02,2026-02-02,1140000,1140000,1140000,0,0,1,,0,,,3,1.75,2150,1947,17 - 1 1/2 Stry w/Bsmt,Ballard,false,missing_pending_date,https://www.zillow.com/homes/7309-16th-ave-nw-seattle-wa-98117_rb/,https://blue.kingcounty.com/Assessor/eRealProperty/Dashboard.aspx?ParcelNbr=7518501115
NW Seattle Sale Stats.csv,NW Seattle,2475209,Sold,2000700426,"207 N 73rd St, Seattle WA 98103",98103,2026-01-30,,2026-01-30,2026-01-30,1025000,1025000,1025000,0,0,1,,0,,,3,1.75,1640,1916,16 - 1 Story w/Bsmnt.,Phinney Ridge,false,missing_pending_date,https://www.zillow.com/homes/207-n-73rd-st-seattle-wa-98103_rb/,https://blue.kingcounty.com/Assessor/eRealProperty/Dashboard.aspx?ParcelNbr=2000700426
QA_Magnolia Sale Stats.csv,QA Magnolia,2475433,Sold,1370802360,"2439 36th Ave W, Seattle WA 98199",98199,2026-01-30,,2026-01-30,2026-01-30,1800000,1800000,1800000,0,0,1,,0,,,5,3,3640,1941,18 - 2 Stories w/Bsmnt,Magnolia,false,missing_pending_date,https://www.zillow.com/homes/2439-36th-ave-w-seattle-wa-98199_rb/,https://blue.kingcounty.com/Assessor/eRealProperty/Dashboard.aspx?ParcelNbr=1370802360
Central_South Seattle Sale Stats.csv,Central South Seattle,2474676,Sold,6003501918,"1412 E Thomas St, Seattle WA 98112",98112,2026-01-28,,2026-01-28,2026-01-28,1274000,1274000,1274000,0,0,1,,0,,,1,2.25,1870,1902,11 - 1 1/2 Story,Capitol Hill,false,missing_pending_date,https://www.zillow.com/homes/1412-e-thomas-st-seattle-wa-98112_rb/,https://blue.kingcounty.com/Assessor/eRealProperty/Dashboard.aspx?ParcelNbr=6003501918
QA_Magnolia Sale Stats.csv,QA Magnolia,2475751,Sold,6822100325,"3236 34th Ave W, Seattle WA 98199",98199,2026-01-28,,2026-01-28,2026-01-28,1075000,1075000,1075000,0,0,1,,0,,,2,1.75,1610,1942,16 - 1 Story w/Bsmnt.,Magnolia,false,missing_pending_date,https://www.zillow.com/homes/3236-34th-ave-w-seattle-wa-98199_rb/,https://blue.kingcounty.com/Assessor/eRealProperty/Dashboard.aspx?ParcelNbr=6822100325
NW Seattle Sale Stats.csv,NW Seattle,2474545,Sold,2776600012,"8544 13th Ave NW, Seattle WA 98117",98117,2026-01-28,,2026-01-28,2026-01-28,895000,895000,895000,0,0,1,,0,,,3,1,2310,1948,16 - 1 Story w/Bsmnt.,Crown Hill,false,missing_pending_date,https://www.zillow.com/homes/8544-13th-ave-nw-seattle-wa-98117_rb/,https://blue.kingcounty.com/Assessor/eRealProperty/Dashboard.aspx?ParcelNbr=2776600012
Central_South Seattle Sale Stats.csv,Central South Seattle,2471768,Sold,5366200065,"808 30th Ave, Seattle WA 98122",98122,2026-01-23,,2026-01-23,2026-01-23,1333000,1333000,1333000,0,0,1,,0,,,4,2.5,2400,1908,18 - 2 Stories w/Bsmnt,Madrona,false,missing_pending_date,https://www.zillow.com/homes/808-30th-ave-seattle-wa-98122_rb/,https://blue.kingcounty.com/Assessor/eRealProperty/Dashboard.aspx?ParcelNbr=5366200065
NW Seattle Sale Stats.csv,NW Seattle,2470930,Sold,7550801060,"3021 NW 62nd St, Seattle WA 98107",98107,2026-01-15,,2026-01-15,2026-01-15,860000,860000,860000,0,0,1,,0,,,2,1,820,1906,16 - 1 Story w/Bsmnt.,Sunset Hill,false,missing_pending_date,https://www.zillow.com/homes/3021-nw-62nd-st-seattle-wa-98107_rb/,https://blue.kingcounty.com/Assessor/eRealProperty/Dashboard.aspx?ParcelNbr=7550801060
Central_South Seattle Sale Stats.csv,Central South Seattle,2469197,Sold,2624049092,"5151 S Frontenac St, Seattle WA 98118",98118,2026-01-15,,2026-01-15,2026-01-15,1400000,1400000,1400000,0,0,1,,0,,,4,3.75,3017,2016,13 - Tri-Level,Seward Park,false,missing_pending_date,https://www.zillow.com/homes/5151-s-frontenac-st-seattle-wa-98118_rb/,https://blue.kingcounty.com/Assessor/eRealProperty/Dashboard.aspx?ParcelNbr=2624049092
Central_South Seattle Sale Stats.csv,Central South Seattle,2476166,Sold,9412400146,"7511 Seward Park Ave S, Seattle WA 98118",98118,2026-01-15,,2026-01-15,2026-01-15,1500000,1500000,1500000,0,0,1,,0,,,5,1.75,3120,1923,18 - 2 Stories w/Bsmnt,Seward Park,false,missing_pending_date,https://www.zillow.com/homes/7511-seward-park-ave-s-seattle-wa-98118_rb/,https://blue.kingcounty.com/Assessor/eRealProperty/Dashboard.aspx?ParcelNbr=9412400146
NW Seattle Sale Stats.csv,NW Seattle,2467573,Sold,8911000295,"10719 Phinney Ave N, Seattle WA 98133",98133,2026-01-09,,2026-01-09,2026-01-09,1000000,1000000,1000000,0,0,1,,0,,,2,1,940,1920,10 - 1 Story,Greenwood,false,missing_pending_date,https://www.zillow.com/homes/10719-phinney-ave-n-seattle-wa-98133_rb/,https://blue.kingcounty.com/Assessor/eRealProperty/Dashboard.aspx?ParcelNbr=8911000295
Central_South Seattle Sale Stats.csv,Central South Seattle,2468505,Sold,3333002412,"3322 S Holly, Seattle WA 98118",98118,2026-01-09,,2026-01-09,2026-01-09,1020000,1020000,1020000,0,0,1,,0,,,5,4.5,3260,2005,18 - 2 Stories w/Bsmnt,Brighton,false,missing_pending_date,https://www.zillow.com/homes/3322-s-holly-seattle-wa-98118_rb/,https://blue.kingcounty.com/Assessor/eRealProperty/Dashboard.aspx?ParcelNbr=3333002412
NW Seattle Sale Stats.csv,NW Seattle,2467449,Sold,2769601770,"6209 6th Ave NW, Seattle WA 98107",98107,2026-01-09,,2026-01-09,2026-01-09,1050000,1050000,1050000,0,0,1,,0,,,3,1.75,1440,1998,12 - 2 Story,Phinney Ridge,false,missing_pending_date,https://www.zillow.com/homes/6209-6th-ave-nw-seattle-wa-98107_rb/,https://blue.kingcounty.com/Assessor/eRealProperty/Dashboard.aspx?ParcelNbr=2769601770
Central_South Seattle Sale Stats.csv,Central South Seattle,2465246,Sold,8722100815,"1921 E Blaine, Seattle WA 98112",98112,2026-01-02,,2026-01-02,2026-01-02,1695000,1695000,1695000,0,0,1,,0,,,3,2.75,2515,1926,17 - 1 1/2 Stry w/Bsmt,Montlake,false,missing_pending_date,https://www.zillow.com/homes/1921-e-blaine-seattle-wa-98112_rb/,https://blue.kingcounty.com/Assessor/eRealProperty/Dashboard.aspx?ParcelNbr=8722100815
