dataMode,id,address,neighborhood,type,listDate,pendingDate,listPriceAtPending,closePrice,assessedValue,beds,baths,sqft,yearBuilt,zip,districtName,area,subArea,sqFtLot,zoning
PUBLIC_PROXY,3353503,"2565 4TH AVE W, Seattle 98119",2,11,2025-10-27,2025-10-27,1155000,1300000,1155000,3,2.00,1300,1912,98119,SEATTLE,12,2,5080,NR3
PUBLIC_PROXY,3343472,"7411 39TH AVE S, Seattle 98118",3,11,2025-08-13,2025-08-13,1022000,1150000,1022000,5,3.50,3030,2020,98118,SEATTLE,21,3,5323,NR3
PUBLIC_PROXY,3357448,"13739 WAYNE PL N UNIT 303, Seattle 98133",3,11,2025-11-20,2025-11-20,1245000,1250000,1245000,3,2.50,2230,2014,98133,SEATTLE,6,3,4457,NR3
PUBLIC_PROXY,3363634,"4812 NE 85TH ST, Seattle 98115",98115,50,2026-01-14,2026-01-14,1109200,1179641,1109200,0,0.00,0,0,98115,Seattle,,,0,
PUBLIC_PROXY,3360179,"5949 17TH AVE SW, Seattle 98106",5,11,2025-12-17,2025-12-17,930000,1200000,930000,4,2.25,3350,2007,98106,SEATTLE,18,5,6825,NR3
PUBLIC_PROXY,3357453,"4623 49TH AVENUE SOUTH, Seattle 98118",11,11,2025-11-25,2025-11-25,1094000,1200000,1094000,3,2.75,1740,1942,98118,SEATTLE,81,11,5465,NR3
PUBLIC_PROXY,3363489,"6411 14TH AVE NW, Seattle 98107",98107,14,2026-01-22,2026-01-22,1082000,1110000,1082000,0,0.00,0,0,98107,Seattle,,,0,
PUBLIC_PROXY,3357833,"4703 S HUDSON ST, Seattle 98118",11,11,2025-11-25,2025-11-25,931000,1228000,931000,4,2.50,2260,1957,98118,SEATTLE,81,11,5800,NR3
PUBLIC_PROXY,3354855,"1521 19TH AVE UNIT A, Seattle 98122",3,12,2025-11-05,2025-11-05,1298000,1227000,1298000,4,2.00,2160,1978,98122,SEATTLE,15,3,7804,LR1 (M)
PUBLIC_PROXY,3359374,"PO BOX 20321, Seattle 98102",3,11,2025-12-13,2025-12-13,1179000,1392000,1179000,4,3.00,3120,2016,98102,SEATTLE,18,3,5000,NR3
PUBLIC_PROXY,3361066,"633 THIRD AVE 19TH FLOOR SUITE J, Seattle 10017",0,50,2025-12-10,2025-12-10,995124,1300000,995124,0,0.00,0,0,10017,SEATTLE,0,0,0,NC3-75 (M)
PUBLIC_PROXY,3358717,"11624 SE 5TH ST SUITE 210, Seattle 98005",8,2,2025-12-01,2025-12-01,5581000,1274000,5581000,4,3.00,2690,2025,98005,SEATTLE,6,8,16623,NR3
PUBLIC_PROXY,3359196,"1100 WESTERN AVE, Seattle 98101",98101,11,2025-12-08,2025-12-08,1086000,1250000,1086000,3,3.25,2930,2005,98101,Seattle,,,0,
PUBLIC_PROXY,3350722,"515 WHISTLERS WALK, Seattle 78613",11,11,2025-10-02,2025-10-02,747000,1100000,747000,5,2.00,2020,1924,78613,SEATTLE,82,11,3860,NR3
PUBLIC_PROXY,3350024,"1250 ALKI AVENUE SW UNIT 3C, Seattle 98116",98116,14,2025-10-01,2025-10-01,1485000,1299000,1485000,0,0.00,0,0,98116,Seattle,,,0,
PUBLIC_PROXY,3352420,"2625 13TH AVE W UNIT 306, Seattle 98119",20,3,2025-10-13,2025-10-13,1160100,1260000,1160100,0,0.00,0,0,98119,SEATTLE,20,20,6000,LR2 (M)
PUBLIC_PROXY,3359848,"6045 SEWARD PARK AVENUE S, Seattle 98118",6,11,2025-12-15,2025-12-15,1120000,1275000,1120000,3,2.00,2660,1940,98118,SEATTLE,81,6,7500,NR2
PUBLIC_PROXY,3354272,"2817 19TH AVE S, Seattle 98144",1,11,2025-11-01,2025-11-01,997000,1400000,997000,4,2.50,2380,1958,98144,SEATTLE,79,1,6144,LR1 (M1)
PUBLIC_PROXY,3363393,"3257 37TH AVE SW, Seattle 98126",6,11,2026-01-21,2026-01-21,826000,1100000,826000,3,1.75,1720,1951,98126,SEATTLE,48,6,5000,NR3
PUBLIC_PROXY,3347101,"3519 E SPRUCE ST, Seattle 98122",98122,11,2025-09-10,2025-09-10,1250000,1230000,1250000,4,2.25,3060,1969,98122,Seattle,,,0,
PUBLIC_PROXY,3343191,"1829 29TH AVE, Seattle 98122",3,11,2025-08-14,2025-08-14,2269000,1305000,2269000,3,2.25,3570,1906,98122,SEATTLE,13,3,10000,NR3
PUBLIC_PROXY,3360181,"1024 1ST ST #203, Seattle 98290",2,2,2025-12-18,2025-12-18,1540000,1390000,1540000,4,3.50,2750,2025,98290,SEATTLE,7,2,7293,NR3
PUBLIC_PROXY,3343607,"605B NW 77TH ST, Seattle 98117",11,12,2025-08-18,2025-08-18,1066000,1100000,1066000,3,3.00,2050,2021,98117,SEATTLE,82,11,1281,LR1 (M1)
PUBLIC_PROXY,3347588,"500 WALL ST #1019, Seattle 98121",98121,14,2025-09-15,2025-09-15,1153000,1200000,1153000,0,0.00,0,0,98121,Seattle,,,0,
PUBLIC_PROXY,3349554,"2428 4TH AVE W, Seattle 98119",2,11,2025-09-29,2025-09-29,1205000,1250000,1205000,3,1.75,2020,1907,98119,SEATTLE,12,2,4800,NR3
PUBLIC_PROXY,3351862,"3817 SW DAKOTA STREET, Seattle 98126",6,11,2025-10-09,2025-10-09,1105000,1100000,1105000,4,2.75,2270,1923,98126,SEATTLE,48,6,4715,NR3
PUBLIC_PROXY,3343222,"1716 N 125TH ST, Seattle 98133",5,11,2025-08-14,2025-08-14,1075000,1150000,1075000,4,2.50,3060,1959,98133,SEATTLE,6,5,9082,NR2
PUBLIC_PROXY,3350759,"7215 W GREEN LAKE DR N, Seattle 98103",9,11,2025-10-03,2025-10-03,1260000,1345000,1260000,3,1.50,1740,1926,98103,SEATTLE,43,9,4320,NR3
PUBLIC_PROXY,3348462,"5020 47TH AVE NE, Seattle 98105",9,11,2025-09-09,2025-09-09,1150000,1372325,1150000,3,2.50,1850,1952,98105,SEATTLE,46,9,7261,NR3
PUBLIC_PROXY,3343580,"1915 E JOHN STREET, Seattle 98112",6,11,2025-08-18,2025-08-18,1260000,1385000,1260000,3,2.00,2480,1903,98112,SEATTLE,13,6,2560,LR3 (M)
PUBLIC_PROXY,3363005,"2404 35TH AVE W, Seattle 98199",11,2,2026-01-13,2026-01-13,2766000,1195000,2766000,3,3.25,1840,2025,98199,SEATTLE,42,11,5000,LR3 (M1)
PUBLIC_PROXY,3350292,"123 NE 77TH ST, Seattle 98115",9,11,2025-10-01,2025-10-01,1230000,1265000,1230000,3,2.00,2330,1928,98115,SEATTLE,43,9,3900,NR3
PUBLIC_PROXY,3350758,"2408 E ROANOKE ST, Seattle 98112",5,11,2025-10-03,2025-10-03,976000,1225000,976000,3,1.00,1360,1926,98112,SEATTLE,13,5,4000,NR3
PUBLIC_PROXY,3344529,"5928 21ST AVE S, Seattle 98108",98108,10,2025-08-15,2025-08-15,979000,1254629,979000,4,2.50,3410,2025,98108,Seattle,,,0,
PUBLIC_PROXY,3352609,"2212 FRANKLIN AVENUE EAST #A, Seattle 98102",7,11,2025-10-02,2025-10-02,1167000,1250000,1167000,3,2.50,1910,2017,98102,SEATTLE,13,7,1166,LR3 (M)
PUBLIC_PROXY,3349670,"2628 37TH AVE W, Seattle 98199",5,11,2025-09-30,2025-09-30,743100,1300000,743100,4,2.50,2260,1940,98199,SEATTLE,11,5,5000,NR3
PUBLIC_PROXY,3345973,"7518 17TH AVE NW, Seattle 98117",10,11,2025-09-02,2025-09-02,1102000,1222000,1102000,3,1.75,1960,1958,98117,SEATTLE,19,10,3840,NR3
PUBLIC_PROXY,3350708,"2600 2ND AVE #2002, Seattle 98121",98121,14,2025-10-06,2025-10-06,1138000,1400000,1138000,0,0.00,0,0,98121,Seattle,,,0,
PUBLIC_PROXY,3348170,"3254 40TH AVE SW, Seattle 98116",6,11,2025-09-19,2025-09-19,901000,1200000,901000,4,1.50,1460,1930,98116,SEATTLE,48,6,4100,NR3
PUBLIC_PROXY,3347664,"1250 ALKI AVENUE SW UNIT 36, Seattle 98116",98116,14,2025-09-17,2025-09-17,1351000,1224000,1351000,0,0.00,0,0,98116,Seattle,,,0,
PUBLIC_PROXY,3361223,"5106 51ST AVENUE SOUTH, Seattle 98118",6,11,2025-12-20,2025-12-20,1135000,1190000,1135000,3,1.75,1670,1914,98118,SEATTLE,81,6,6500,NR3
PUBLIC_PROXY,3358940,"115 NE 64TH ST, Seattle 98115",5,11,2025-12-05,2025-12-05,1129000,1300000,1129000,3,1.00,1720,1913,98115,SEATTLE,43,5,5100,NR3
PUBLIC_PROXY,3356656,"1733 NW 63RD ST UNIT A, Seattle 98107",98107,11,2025-11-20,2025-11-20,1436000,1385000,1436000,4,2.50,2540,2006,98107,Seattle,,,0,
PUBLIC_PROXY,3361819,"1600 WINDERMERE DR E, Seattle 98112",9,11,2026-01-02,2026-01-02,1557000,1400000,1557000,4,2.00,2360,1941,98112,SEATTLE,46,9,5000,NR3
PUBLIC_PROXY,3348463,"5020 47TH AVE NE, Seattle 98105",9,11,2025-09-09,2025-09-09,1150000,1372325,1150000,3,2.50,1850,1952,98105,SEATTLE,46,9,7261,NR3
PUBLIC_PROXY,3347760,"3831 59TH AVENUE SW, Seattle 98116",5,10,2025-09-08,2025-09-08,1105000,1149000,1105000,3,1.75,1620,2024,98116,SEATTLE,16,5,1381,LR2 (M)
PUBLIC_PROXY,3344837,"352 N 81ST ST, Seattle 98103",8,11,2025-08-21,2025-08-21,1436000,1320000,1436000,6,3.25,3060,1958,98103,SEATTLE,42,8,9690,NR3
PUBLIC_PROXY,3353530,"1116A 18TH AVE, Seattle 98122",4,11,2025-10-23,2025-10-23,1311000,1289900,1311000,4,2.50,2300,2002,98122,SEATTLE,13,4,2500,NR3
PUBLIC_PROXY,3352349,"1620 N 45TH ST 202, Seattle 98103",10,11,2025-10-18,2025-10-18,977000,1160000,977000,3,2.25,2320,1930,98103,SEATTLE,19,10,4000,NR3
PUBLIC_PROXY,3347160,"2433 EAST VALLEY STREET, Seattle 98112",4,11,2025-08-28,2025-08-28,1081000,1285000,1081000,5,3.75,2440,1904,98112,SEATTLE,13,4,4000,NR3
PUBLIC_PROXY,3364835,"720 MARKET ST STE G, Seattle 98033",3,14,2026-02-03,2026-02-03,1962000,1187500,1962000,4,3.25,2200,2024,98033,SEATTLE,44,3,4000,NR3
PUBLIC_PROXY,3362143,"1826 S LANE ST, Seattle 98144",3,11,2026-01-07,2026-01-07,1413000,1400000,1413000,3,3.50,2580,2018,98144,SEATTLE,15,3,3360,RSL (M)
PUBLIC_PROXY,3356417,"1624 42ND AVE E UNIT A, Seattle 98112",7,11,2025-11-19,2025-11-19,1067000,1200000,1067000,3,3.50,1630,1994,98112,SEATTLE,14,7,1602,LR1 (M)
PUBLIC_PROXY,3345132,"5717 NE 57TH ST, Seattle 98105",6,11,2025-08-26,2025-08-26,1264000,1370000,1264000,5,2.50,2240,1947,98105,SEATTLE,46,6,6200,NR3
PUBLIC_PROXY,3351278,"2275 NE 60TH ST, Seattle 98115",1,11,2025-10-07,2025-10-07,1362000,1400000,1362000,4,2.75,1800,1926,98115,SEATTLE,44,1,4312,NR3
PUBLIC_PROXY,3343380,"1912 N 44TH ST, Seattle 98103",20,13,2025-08-11,2025-08-11,1488000,1125000,1488000,0,0.00,0,0,98103,SEATTLE,17,20,4800,LR2 (M)
PUBLIC_PROXY,3355282,"3615 41ST AVE W, Seattle 98199",7,11,2025-11-08,2025-11-08,1099000,1150000,1099000,3,1.75,1740,1941,98199,SEATTLE,11,7,5623,NR3
PUBLIC_PROXY,3355530,"5716 38TH AVENUE NE, Seattle 98105",3,11,2025-11-12,2025-11-12,1321000,1300000,1321000,4,2.50,1820,1947,98105,SEATTLE,44,3,5389,NR3
PUBLIC_PROXY,3359019,"2143 NORTH 62ND STREET, Seattle 98103",9,11,2025-12-10,2025-12-10,1062000,1187525,1062000,5,2.00,2570,1926,98103,SEATTLE,43,9,4000,LR3 (M)
PUBLIC_PROXY,3343018,"1956 26TH AVE E, Seattle 98112",5,11,2025-08-12,2025-08-12,1089000,1150000,1089000,2,1.00,1040,1909,98112,SEATTLE,13,5,6611,NR3
PUBLIC_PROXY,3363003,"4004 220TH ST SW, Seattle 98043",9,11,2026-01-15,2026-01-15,993000,1100000,993000,2,1.00,1020,1943,98043,SEATTLE,46,9,4600,NR3
PUBLIC_PROXY,3345499,"3608 FRANCIS AVE N, Seattle 98103",11,14,2025-08-28,2025-08-28,1076000,1200000,1076000,4,2.75,1720,2024,98103,SEATTLE,42,11,920,LR3 (M)
PUBLIC_PROXY,3364684,"411 1ST AVE S #650, Seattle 98104",98104,14,2026-01-17,2026-01-17,25429000,1300000,25429000,0,0.00,0,0,98104,Seattle,,,0,
PUBLIC_PROXY,3347259,"2540 6TH AVENUE WEST, Seattle 98119",98119,14,2025-09-08,2025-09-08,919000,1200000,919000,0,0.00,0,0,98119,Seattle,,,0,
PUBLIC_PROXY,3359695,"4270 WINSLOW PLACE N UNIT A, Seattle 98103",7,11,2025-12-10,2025-12-10,974000,1180000,974000,3,2.25,2080,2018,98103,SEATTLE,43,7,1307,LR2 (M)
PUBLIC_PROXY,3353357,"1222 6TH AVE N, Seattle 98109",5,12,2025-10-27,2025-10-27,1150000,1150000,1150000,4,2.75,2750,1925,98109,SEATTLE,12,5,4000,LR3 (M)
PUBLIC_PROXY,3343762,"2646 NW 64TH ST UNIT #A, Seattle 98107",6,3,2025-08-12,2025-08-12,1024000,1260000,1024000,3,2.00,3110,1942,98107,SEATTLE,39,6,9900,NR2
PUBLIC_PROXY,3353902,"17130 51ST AVE SE, Seattle 98012",9,12,2025-10-15,2025-10-15,1004000,1138650,1004000,2,1.00,840,1943,98012,SEATTLE,46,9,6256,NR3
PUBLIC_PROXY,3361191,"730 C BROADWAY E, Seattle 98102",3,11,2025-12-02,2025-12-02,1052000,1205000,1052000,3,1.75,1630,2024,98102,SEATTLE,13,3,1250,LR3 (M)
PUBLIC_PROXY,3342883,"3236 15TH AVE S, Seattle 98144",1,11,2025-08-11,2025-08-11,1000000,1101000,1000000,4,3.00,2070,1929,98144,SEATTLE,79,1,3624,RSL (M)
PUBLIC_PROXY,3352491,"4220 49TH AVE S, Seattle 98118",11,3,2025-10-20,2025-10-20,1007000,1175000,1007000,2,1.00,1760,1940,98118,SEATTLE,81,11,7200,NR3
PUBLIC_PROXY,3353955,"10203 20TH AVE NE, Seattle 98125",3,11,2025-10-30,2025-10-30,1093000,1183000,1093000,3,1.75,1890,1967,98125,SEATTLE,7,3,6696,NR3
PUBLIC_PROXY,3359730,"1551 PARKSIDE DR E, Seattle 98112",7,11,2025-12-11,2025-12-11,1166000,1250000,1166000,4,1.00,1260,1926,98112,SEATTLE,14,7,3600,NR3
PUBLIC_PROXY,3350773,"616 WEST SOPRIS CREEK ROAD, Seattle 81621",3,11,2025-10-07,2025-10-07,1257000,1275000,1257000,3,1.75,1940,1948,81621,SEATTLE,44,3,6600,NR3
PUBLIC_PROXY,3356918,"6022 147TH AVE SE, Seattle 98006",1,13,2025-11-19,2025-11-19,1166000,1118000,1166000,8,1.75,2510,1925,98006,SEATTLE,44,1,4150,NR3
PUBLIC_PROXY,3346778,"1920 QUEEN ANNE AVE N 424, Seattle 98109",98109,11,2025-09-10,2025-09-10,1110000,1135000,1110000,2,1.75,1500,1967,98109,Seattle,,,0,
PUBLIC_PROXY,3345645,"311 SMITH PLACE, Seattle 98109",44,12,2025-08-28,2025-08-28,2063500,1300000,2063500,0,0.00,0,0,98109,SEATTLE,25,44,5500,NC2-65 (M2)
PUBLIC_PROXY,3353817,"11714 36TH AVE NE, Seattle 98125",1,11,2025-10-28,2025-10-28,947000,1150000,947000,4,2.75,2220,1996,98125,SEATTLE,8,1,8012,NR2
PUBLIC_PROXY,3347216,"4651 1ST AVE NE, Seattle 98105",5,11,2025-09-11,2025-09-11,1091000,1100000,1091000,3,2.00,1650,1916,98105,SEATTLE,43,5,4125,NR3
PUBLIC_PROXY,3356801,"6040 49TH AVENUE SW, Seattle 98136",7,11,2025-11-20,2025-11-20,999000,1140000,999000,4,1.75,1900,1952,98136,SEATTLE,16,7,4840,NR3
PUBLIC_PROXY,3361405,"3447B 22ND AVE W, Seattle 98199",98199,11,2025-12-29,2025-12-29,1018000,1187000,1018000,3,1.75,1480,1975,98199,Seattle,,,0,
PUBLIC_PROXY,3352714,"1725 NW 63RD STREET, Seattle 98107",1,10,2025-10-20,2025-10-20,1161000,1325000,1161000,3,3.25,2150,2025,98107,SEATTLE,19,1,2114,LR1 (M)
PUBLIC_PROXY,3362782,"411 1ST AVE S #650, Seattle 98104",98104,2,2026-01-12,2026-01-12,25429000,1205000,25429000,0,0.00,0,0,98104,Seattle,,,0,
PUBLIC_PROXY,3359305,"918 WEST EMERSON STREET UNIT #918, Seattle 98119",98119,14,2025-12-11,2025-12-11,1016000,1185000,1016000,0,0.00,0,0,98119,Seattle,,,0,
PUBLIC_PROXY,3354025,"4551 46TH AVE NE, Seattle 98105",9,11,2025-10-23,2025-10-23,928000,1175000,928000,2,1.00,960,1951,98105,SEATTLE,46,9,5100,NR3
PUBLIC_PROXY,3347939,"1474 NW 92ND ST, Seattle 98117",3,11,2025-09-16,2025-09-16,1130000,1324716,1130000,4,1.75,3040,1947,98117,SEATTLE,39,3,9180,RSL (M)
PUBLIC_PROXY,3343368,"3211 16TH AVENUE SOUTH, Seattle 98144",1,11,2025-08-13,2025-08-13,1066000,1100000,1066000,4,1.75,1970,1925,98144,SEATTLE,79,1,3703,RSL (M)
PUBLIC_PROXY,3360563,"14730 REEDER RD SW, Seattle 98589",1,2,2025-12-19,2025-12-19,1710000,1240000,1710000,3,3.50,3290,2024,98589,SEATTLE,8,1,10446,NR2
PUBLIC_PROXY,3358404,"343 NE 55TH ST, Seattle 98105",5,11,2025-12-01,2025-12-01,880000,1199900,880000,4,2.25,1850,1918,98105,SEATTLE,43,5,4160,NR3
PUBLIC_PROXY,3342816,"4010 INTERLAKE AVE N, Seattle 98103",8,11,2025-08-12,2025-08-12,1022000,1250000,1022000,3,2.00,2000,1916,98103,SEATTLE,43,8,3207,LR1 (M1)
PUBLIC_PROXY,3364574,"14508 NE 20TH STREET #200, Seattle 98007",1,11,2026-01-30,2026-01-30,1775000,1250000,1775000,8,4.00,2780,1926,98007,SEATTLE,44,1,5000,NR3
PUBLIC_PROXY,3346481,"5508 11TH AVE NW, Seattle 98107",2,11,2025-09-08,2025-09-08,1172000,1255100,1172000,2,1.00,1200,1928,98107,SEATTLE,82,2,3650,NC2-55 (M2)
PUBLIC_PROXY,3356645,"5201 SAND POINT PL NE, Seattle 98105",9,10,2025-11-17,2025-11-17,1156000,1400000,1156000,3,3.00,2000,2025,98105,SEATTLE,46,9,1447,LR1 (M)
PUBLIC_PROXY,3364244,"2915 RAINER AVE S #316, Seattle 98144",5,11,2026-01-27,2026-01-27,1071000,1316000,1071000,4,2.50,2030,1965,98144,SEATTLE,11,5,4800,NR2
PUBLIC_PROXY,3361426,"12819 SE 38TH ST PMB 11, Seattle 98006",3,11,2025-12-30,2025-12-30,804000,1100000,804000,2,1.00,820,1917,98006,SEATTLE,42,3,5000,NR3
PUBLIC_PROXY,3343477,"5807 3RD AVE NW, Seattle 98107",2,11,2025-08-09,2025-08-09,1121000,1250000,1121000,4,2.00,2540,1926,98107,SEATTLE,82,2,4700,NR3
PUBLIC_PROXY,3359768,"5515 60TH AVE NE, Seattle 98105",2,11,2025-12-17,2025-12-17,1273000,1100000,1273000,3,1.00,1110,1907,98105,SEATTLE,82,2,5000,LR1 (M1)
PUBLIC_PROXY,3345213,"19628 109TH PL NE, Seattle 98011",7,11,2025-08-25,2025-08-25,1029000,1345000,1029000,6,3.00,2660,1909,98011,SEATTLE,43,7,3600,LR3 (M)
PUBLIC_PROXY,3346732,"920 5TH AVENUE SUITE 1510, Seattle 98104",11,12,2025-09-09,2025-09-09,1195000,1200000,1195000,3,2.00,1930,1909,98104,SEATTLE,42,11,5270,LR1 (M)
PUBLIC_PROXY,3348135,"529 CLANCE WAY, Seattle 59718",5,11,2025-09-17,2025-09-17,1262000,1153900,1262000,3,2.50,1640,2024,59718,SEATTLE,12,5,839,LR3 (M)
PUBLIC_PROXY,3360681,"7014 14TH AVE NW, Seattle 98117",4,2,2025-12-18,2025-12-18,2662000,1348000,2662000,3,3.25,1710,2025,98117,SEATTLE,13,4,4000,NR3
PUBLIC_PROXY,3352807,"4837 41ST AVE SW, Seattle 98166",98166,3,2025-10-23,2025-10-23,1090000,1125000,1090000,3,1.75,1850,1958,98166,Seattle,,,0,
PUBLIC_PROXY,3352807,"4837 41ST AVE SW, Seattle 98166",98166,3,2025-10-23,2025-10-23,20000,1125000,20000,0,0.00,0,0,98166,Seattle,,,0,
PUBLIC_PROXY,3347563,"3046 NE BLAKELEY ST, Seattle 98105",2,11,2025-09-15,2025-09-15,1245000,1100000,1245000,4,3.00,2290,1995,98105,SEATTLE,44,2,3600,NR3
PUBLIC_PROXY,3359095,"4507 45TH AVE SW, Seattle 98116",9,11,2025-12-11,2025-12-11,958000,1185000,958000,3,2.25,1780,1941,98116,SEATTLE,48,9,5850,LR2 (M)
PUBLIC_PROXY,3354653,"444 26TH AVE E, Seattle 98112",4,11,2025-11-06,2025-11-06,1296000,1325000,1296000,3,3.00,2570,1998,98112,SEATTLE,13,4,2500,NR3
PUBLIC_PROXY,3353670,"2738 NW 90TH STREET, Seattle 98117",6,11,2025-10-28,2025-10-28,1126000,1300000,1126000,3,2.25,1970,1976,98117,SEATTLE,39,6,9785,NR2
PUBLIC_PROXY,3354084,"1813 12TH AVE W, Seattle 98119",9,11,2025-10-28,2025-10-28,1413000,1310000,1413000,4,3.50,2580,2017,98119,SEATTLE,12,9,1956,LR1 (M)
PUBLIC_PROXY,3358892,"3610 FRANCIS AVE N, Seattle 98103",11,14,2025-12-09,2025-12-09,1028000,1175000,1028000,4,2.50,1760,2024,98103,SEATTLE,42,11,759,LR3 (M)
PUBLIC_PROXY,3358432,"P.O. BOX 2208, Seattle 98036",2,11,2025-12-05,2025-12-05,1178000,1400000,1178000,2,2.00,1410,1906,98036,SEATTLE,12,2,5400,NR3
PUBLIC_PROXY,3348412,"10404 JOVITA BLVD E, Seattle 98372",9,2,2025-09-22,2025-09-22,2915000,1175000,2915000,3,1.75,1400,2025,98372,SEATTLE,39,9,5072,NR3
PUBLIC_PROXY,3348833,"3222 39TH AVE SW, Seattle 98116",6,3,2025-09-24,2025-09-24,1189000,1395000,1189000,3,3.25,2090,1917,98116,SEATTLE,48,6,5000,NR3
PUBLIC_PROXY,3357682,"2650 PERKINS LANE W, Seattle 98199",5,3,2025-12-01,2025-12-01,1231000,1272500,1231000,2,1.75,1610,1940,98199,SEATTLE,11,5,11021,NR2
PUBLIC_PROXY,3345368,"501 N 101ST STREET, Seattle 98133",6,11,2025-08-28,2025-08-28,1133000,1162500,1133000,4,3.50,2680,2008,98133,SEATTLE,6,6,3844,NR3
PUBLIC_PROXY,3347019,"11774  177TH PLACE NORTHEAST, Seattle 98052",9,11,2025-09-10,2025-09-10,1701000,1400000,1701000,4,2.00,2380,2015,98052,SEATTLE,43,9,4944,NR3
PUBLIC_PROXY,3354574,"8026 39TH AVE NE, Seattle 98115",6,11,2025-10-28,2025-10-28,965000,1225000,965000,4,1.50,1910,1945,98115,SEATTLE,45,6,6000,NR3
PUBLIC_PROXY,3361429,"13544 137TH PL NE, Seattle 98034",9,12,2025-12-23,2025-12-23,1258000,1295000,1258000,5,3.00,3160,1965,98034,SEATTLE,12,9,4200,LR2 (M)
PUBLIC_PROXY,3351799,"1730 TAYLOR AVE N UNIT 502, Seattle 98109",98109,3,2025-10-06,2025-10-06,1110000,1120000,1110000,0,0.00,0,0,98109,Seattle,,,0,
PUBLIC_PROXY,3351799,"1730 TAYLOR AVE N UNIT 502, Seattle 98109",98109,3,2025-10-06,2025-10-06,137800,1120000,137800,0,0.00,0,0,98109,Seattle,,,0,
PUBLIC_PROXY,3348894,"7333 25TH AVE NW, Seattle 98117",98117,14,2025-09-22,2025-09-22,1170000,1240000,1170000,0,0.00,0,0,98117,Seattle,,,0,
PUBLIC_PROXY,3345842,"4119 NE 142ND ST, Seattle 98125",3,11,2025-08-29,2025-08-29,1124000,1125000,1124000,3,2.00,2260,1977,98125,SEATTLE,8,3,15104,NR1
PUBLIC_PROXY,3349426,"3630 49TH AVE NE, Seattle 98105",11,2,2025-09-29,2025-09-29,869000,1185000,869000,4,1.50,1170,1926,98105,SEATTLE,82,11,5600,NR3
PUBLIC_PROXY,3354196,"2014 FAIRWAY AVENUE UNIT 2606, Seattle 98121",2,11,2025-10-31,2025-10-31,887000,1120000,887000,3,2.00,1520,1930,98121,SEATTLE,82,2,3240,NR3
PUBLIC_PROXY,3343614,"202 S JACKSON ST #5701, Seattle 98105",98105,1,2025-08-13,2025-08-13,20800,1254000,20800,0,0.00,0,0,98105,Seattle,,,0,
PUBLIC_PROXY,3343614,"201 S JACKSON ST #5701, Seattle 98104",98104,1,2025-08-13,2025-08-13,1975000,1254000,1975000,0,0.00,0,0,98104,Seattle,,,0,
PUBLIC_PROXY,3349463,"3016 NW 72ND STREET, Seattle 98117",10,11,2025-09-24,2025-09-24,875000,1160000,875000,2,1.75,1800,1927,98117,SEATTLE,19,10,5100,NR3
PUBLIC_PROXY,3343562,"3131 WESTERN AVENUE SUITE M423, Seattle 98144",4,11,2025-08-13,2025-08-13,822000,1200000,822000,3,1.75,1480,1981,98144,SEATTLE,15,4,5520,NR3
PUBLIC_PROXY,3349939,"4012 23RD AVE SW, Seattle 98106",6,11,2025-09-29,2025-09-29,911000,1210000,911000,3,2.50,1370,1951,98106,SEATTLE,45,6,5243,NR3
PUBLIC_PROXY,3364328,"1500 MAGNOLIA W, Seattle 98199",98199,11,2026-01-23,2026-01-23,1297000,1185000,1297000,3,3.25,2020,1996,98199,Seattle,,,0,
PUBLIC_PROXY,3352603,"3430 40TH AVE W, Seattle 98199",7,11,2025-10-20,2025-10-20,1150000,1265000,1150000,3,1.75,2480,1952,98199,SEATTLE,11,7,5612,NR3
PUBLIC_PROXY,3356518,"3915 CAMPBELL RD, Seattle 98236",1,11,2025-11-20,2025-11-20,1109000,1150000,1109000,3,1.75,1720,1919,98236,SEATTLE,19,1,5000,LR1 (M)
PUBLIC_PROXY,3351813,"7201 224TH ST SW ##L6, Seattle 98026",2,3,2025-10-13,2025-10-13,1197000,1259700,1197000,4,3.00,2570,1957,98026,SEATTLE,12,2,4400,LR1 (M)
PUBLIC_PROXY,3361915,"4747 THACKERAY PLACE NE, Seattle 98105",8,11,2026-01-02,2026-01-02,1106000,1235000,1106000,3,2.25,1780,1921,98105,SEATTLE,43,8,4080,NR3
PUBLIC_PROXY,3349262,"75 VINE ST UNIT 82, Seattle 98121",8,11,2025-09-25,2025-09-25,1151000,1375000,1151000,2,1.75,1670,1904,98121,SEATTLE,14,8,4385,NR3
PUBLIC_PROXY,3353861,"6545 47TH AVE NE, Seattle 98115",5,11,2025-10-28,2025-10-28,1339000,1390500,1339000,4,2.00,2290,1951,98115,SEATTLE,46,5,5782,NR3
PUBLIC_PROXY,3343970,"4539 48TH AVE NE, Seattle 98105",9,11,2025-08-18,2025-08-18,1359000,1350000,1359000,3,2.00,1910,1951,98105,SEATTLE,46,9,5683,NR3
PUBLIC_PROXY,3361093,"6518 18TH AVE NE, Seattle 98115",4,11,2025-12-23,2025-12-23,1057000,1195000,1057000,4,1.50,2440,1924,98115,SEATTLE,45,4,4080,NR3
PUBLIC_PROXY,3350973,"1108A 34TH AVENUE, Seattle 98122",47,11,2025-10-08,2025-10-08,556500,1100000,556500,0,0.00,0,0,98122,SEATTLE,25,47,670,NC1-30 (M)
PUBLIC_PROXY,3361943,"1829 29TH AVE, Seattle 98122",8,11,2025-12-31,2025-12-31,1354000,1200000,1354000,5,2.00,2480,1924,98122,SEATTLE,43,8,4560,LR2 (M1)
PUBLIC_PROXY,3363369,"511 HOWE ST UNIT B, Seattle 98109",5,11,2026-01-12,2026-01-12,1345000,1249900,1345000,3,2.00,1770,2024,98109,SEATTLE,12,5,803,LR3 (M)
PUBLIC_PROXY,3343983,"911 32ND AVENUE SOUTH, Seattle 98144",8,11,2025-08-19,2025-08-19,1334000,1200000,1334000,4,2.25,1540,1906,98144,SEATTLE,14,8,4522,NR3
PUBLIC_PROXY,3346193,"3405 188TH ST SW STE 401, Seattle 98037",11,11,2025-09-05,2025-09-05,1059000,1350000,1059000,3,1.50,2120,1904,98037,SEATTLE,42,11,6720,LR2 (M)
PUBLIC_PROXY,3345249,"930 23RD AVE, Seattle 98122",98122,14,2025-08-27,2025-08-27,1040000,1100000,1040000,0,0.00,0,0,98122,Seattle,,,0,
PUBLIC_PROXY,3347781,"415 NE 95TH ST, Seattle 98115",2,2,2025-09-16,2025-09-16,1588000,1175000,1588000,4,1.75,1960,1939,98115,SEATTLE,7,2,5413,NR3
PUBLIC_PROXY,3353506,"2225 E BELT LINE RD SUITE 200, Seattle 75006",9,11,2025-10-29,2025-10-29,1317000,1225000,1317000,4,1.50,1750,1930,75006,SEATTLE,43,9,4800,NR3
PUBLIC_PROXY,3348993,"1816 9TH AVENUE WEST, Seattle 98119",9,11,2025-09-23,2025-09-23,1050000,1255000,1050000,3,1.75,1500,1906,98119,SEATTLE,12,9,5281,NR3
PUBLIC_PROXY,3353171,"2114 1ST AVE N, Seattle 98109",9,11,2025-10-22,2025-10-22,1033000,1399000,1033000,3,2.50,1530,2025,98109,SEATTLE,12,9,1877,LR2 (M)
PUBLIC_PROXY,3342975,"6002  3RD AVE NW, Seattle 98107",1,12,2025-08-11,2025-08-11,1565000,1270000,1565000,7,4.50,3110,1984,98107,SEATTLE,19,1,5000,LR1 (M)
PUBLIC_PROXY,3342708,"7534 BROOKLYN AVENUE NORTHEAST, Seattle 98115",4,11,2025-08-11,2025-08-11,926000,1200000,926000,4,1.75,2430,1928,98115,SEATTLE,45,4,3800,NR3
PUBLIC_PROXY,3350599,"481 LAKE DRIVE, Seattle 06437",7,11,2025-09-16,2025-09-16,1163000,1150000,1163000,4,1.75,2100,1914,06437,SEATTLE,16,7,7200,RSL (M)
PUBLIC_PROXY,3351588,"7015 26TH AVE NE, Seattle 98115",5,11,2025-10-10,2025-10-10,1195000,1185000,1195000,4,2.25,2370,1959,98115,SEATTLE,45,5,6000,NR3
PUBLIC_PROXY,3353851,"710 9TH AVENUE, Seattle 98104",98104,11,2025-10-31,2025-10-31,1092000,1400000,1092000,3,2.00,1100,1919,98104,Seattle,,,0,
PUBLIC_PROXY,3359186,"3447 12TH AVE W, Seattle 98119",2,11,2025-12-11,2025-12-11,963000,1130000,963000,2,1.50,1460,1961,98119,SEATTLE,12,2,6000,NR3
PUBLIC_PROXY,3345986,"11274 ROSEBERG AVE SOUTH, Seattle 98168",98168,11,2025-08-28,2025-08-28,815000,1200000,815000,2,2.00,1580,1948,98168,Seattle,,,0,
PUBLIC_PROXY,3346942,"6310 VICTORIA AVE SE, Seattle 98092",35,59,2025-09-11,2025-09-11,937000,1250000,937000,0,0.00,0,0,98092,SEATTLE,45,35,5200,NC2-55 (M)
PUBLIC_PROXY,3354028,"3027 NW 69TH STREET, Seattle 98117",10,11,2025-10-30,2025-10-30,1250000,1330000,1250000,4,3.00,2320,2014,98117,SEATTLE,19,10,2500,NR3
PUBLIC_PROXY,3348281,"1920 4TH AVENUE UNIT 1105, Seattle 98101",98101,14,2025-09-17,2025-09-17,1093000,1250000,1093000,0,0.00,0,0,98101,Seattle,,,0,
PUBLIC_PROXY,3354625,"8536 SOUTH 114TH STREET, Seattle 98178",98178,11,2025-10-31,2025-10-31,1225000,1215000,1225000,4,4.00,3260,2024,98178,Seattle,,,0,
PUBLIC_PROXY,3347929,"3701 EAST JEFFERSON STREET, Seattle 98122",8,11,2025-09-12,2025-09-12,1368000,1395000,1368000,4,1.50,1990,1972,98122,SEATTLE,14,8,8494,NR3
PUBLIC_PROXY,3348300,"2341 N 122ND ST, Seattle 98133",5,11,2025-09-18,2025-09-18,1032000,1295000,1032000,2,1.75,1810,1961,98133,SEATTLE,8,5,8428,NR2
PUBLIC_PROXY,3349324,"9737 2ND AVE NW, Seattle 98117",98117,11,2025-09-26,2025-09-26,1070000,1331313,1070000,4,3.00,3070,1956,98117,Seattle,,,0,
PUBLIC_PROXY,3349742,"4233 CORLISS AVE N, Seattle 98103",8,11,2025-09-24,2025-09-24,1012000,1355000,1012000,4,2.00,1640,1916,98103,SEATTLE,43,8,3600,NR3
PUBLIC_PROXY,3345870,"322 NW 47TH ST, Seattle 98107",98107,14,2025-09-03,2025-09-03,1080950,1150000,1080950,0,0.00,0,0,98107,Seattle,,,0,
PUBLIC_PROXY,3351205,"4110 SW ROSE ST, Seattle 98136",1,11,2025-10-07,2025-10-07,1271000,1325000,1271000,5,1.75,2260,1953,98136,SEATTLE,17,1,6339,NR3
PUBLIC_PROXY,3347732,"322 NE 152ND ST, Seattle 98155",5,11,2025-09-15,2025-09-15,1085000,1100000,1085000,4,2.00,2620,1956,98155,SEATTLE,8,5,7800,NR2
PUBLIC_PROXY,3356318,"4335 NE 45TH ST, Seattle 98105",9,10,2025-11-17,2025-11-17,1003000,1150000,1003000,3,1.75,1540,2025,98105,SEATTLE,46,9,1402,LR1 (M)
PUBLIC_PROXY,3344859,"930 31ST AVE S, Seattle 98144",8,11,2025-08-26,2025-08-26,1666000,1250000,1666000,4,4.00,2840,1977,98144,SEATTLE,14,8,5774,NR3
PUBLIC_PROXY,3347266,"421 31ST AVE, Seattle 98122",4,11,2025-09-02,2025-09-02,1200000,1170000,1200000,3,2.25,2120,1975,98122,SEATTLE,17,4,5000,NR3
PUBLIC_PROXY,3345191,"3856 21ST AVENUE SOUTHWEST, Seattle 98106",98106,11,2025-08-22,2025-08-22,1129000,1300000,1129000,3,1.50,1900,1955,98106,Seattle,,,0,
PUBLIC_PROXY,3358816,"13033 SOUTHEAST 288TH PLACE, Seattle 98092",9,11,2025-12-08,2025-12-08,991000,1325000,991000,4,2.00,1840,1940,98092,SEATTLE,43,9,6642,NR3
PUBLIC_PROXY,3349841,"1628 27TH AVENUE, Seattle 98122",4,11,2025-09-26,2025-09-26,1103000,1235000,1103000,5,2.75,2060,1926,98122,SEATTLE,15,4,4800,NR3
PUBLIC_PROXY,3363156,"10227 26TH AVENUE SW, Seattle 98146",98146,11,2026-01-16,2026-01-16,1012000,1120000,1012000,4,3.25,2440,2021,98146,Seattle,,,0,
PUBLIC_PROXY,3360875,"522 NE 81ST ST, Seattle 98115",1,11,2025-12-19,2025-12-19,1092000,1175000,1092000,3,2.00,2440,1926,98115,SEATTLE,7,1,4080,NR3
PUBLIC_PROXY,3347231,"5919 CALIFORNIA AVE SW UNIT B, Seattle 98136",9,11,2025-09-12,2025-09-12,1070000,1125000,1070000,3,2.75,2060,1919,98136,SEATTLE,48,9,5750,NR3
PUBLIC_PROXY,3348936,"4644 238TH WAY SE, Seattle 98029",3,11,2025-09-25,2025-09-25,1030000,1150000,1030000,4,1.75,2250,1901,98029,SEATTLE,15,3,2400,RSL (M)
PUBLIC_PROXY,3356879,"627 A W EMERSON ST, Seattle 98199",2,10,2025-11-24,2025-11-24,1052000,1120000,1052000,4,2.25,1950,2024,98199,SEATTLE,12,2,1212,LR1 (M)
PUBLIC_PROXY,3351517,"4526A CORLISS AVE N, Seattle 98103",8,10,2025-10-15,2025-10-15,903000,1229000,903000,3,2.25,1640,2025,98103,SEATTLE,43,8,1696,LR1 (M1)
PUBLIC_PROXY,3349959,"2405 N 75TH ST, Seattle 98103",9,11,2025-09-30,2025-09-30,939000,1149000,939000,3,2.25,1740,2009,98103,SEATTLE,43,9,1685,LR3 (M1)
PUBLIC_PROXY,3355235,"730 W ETRURIA ST, Seattle 98119",2,11,2025-11-07,2025-11-07,1052000,1340000,1052000,4,1.75,2400,1940,98119,SEATTLE,12,2,5616,NR3
PUBLIC_PROXY,3348889,"2103 S BENNETT ST, Seattle 98108",98108,11,2025-09-25,2025-09-25,875000,1170000,875000,4,2.50,2830,1975,98108,Seattle,,,0,
PUBLIC_PROXY,3348615,"9216 9TH AVENUE NW, Seattle 98117",8,11,2025-09-22,2025-09-22,733000,1192500,733000,4,2.00,1780,1942,98117,SEATTLE,6,8,5829,NR3
PUBLIC_PROXY,3354476,"2612 25TH AVE W, Seattle 98199",3,3,2025-10-31,2025-10-31,982000,1160000,982000,4,2.00,2050,1955,98199,SEATTLE,11,3,5120,NR3
PUBLIC_PROXY,3347915,"4018 LINDEN AVE NORTH A, Seattle 98103",9,11,2025-09-12,2025-09-12,1193000,1291000,1193000,4,2.00,1820,1941,98103,SEATTLE,43,9,7626,NR3
PUBLIC_PROXY,3353415,"102 NE 60TH STREET, Seattle 98115",5,11,2025-10-24,2025-10-24,1067000,1200000,1067000,3,1.75,1720,1925,98115,SEATTLE,43,5,2496,NR3
PUBLIC_PROXY,3359429,"3116 SW TRENTON ST, Seattle 98126",6,11,2025-12-13,2025-12-13,831000,1100000,831000,4,3.00,2680,1977,98126,SEATTLE,77,6,7560,NR2
PUBLIC_PROXY,3348153,"1121 16TH AVE, Seattle 98122",3,11,2025-09-17,2025-09-17,1229000,1247500,1229000,3,3.50,1810,2013,98122,SEATTLE,15,3,1769,LR3 (M)
PUBLIC_PROXY,3344994,"4411 SW HOLLY ST, Seattle 98136",7,11,2025-08-27,2025-08-27,1027000,1100000,1027000,3,1.75,1940,1926,98136,SEATTLE,16,7,5457,LR1 (M1)
PUBLIC_PROXY,3355219,"521 5TH AVE W UNIT 402, Seattle 98119",3,11,2025-11-07,2025-11-07,1104000,1220000,1104000,4,2.25,2400,1901,98119,SEATTLE,15,3,3640,LR1 (M)
PUBLIC_PROXY,3345810,"8351 JONES AVE NW, Seattle 98117",10,11,2025-08-30,2025-08-30,1308000,1330000,1308000,4,2.25,2490,1940,98117,SEATTLE,19,10,4000,NR3
PUBLIC_PROXY,3347708,"13033 SE 288TH PL, Seattle 98092",11,11,2025-09-16,2025-09-16,1122000,1125000,1122000,4,1.00,1980,1909,98092,SEATTLE,82,11,6180,NR3
PUBLIC_PROXY,3347665,"710 SUMMIT AVENUE E, Seattle 98102",6,11,2025-09-16,2025-09-16,1305000,1185000,1305000,3,2.25,2290,1904,98102,SEATTLE,13,6,2144,LR3 (M)
PUBLIC_PROXY,3359178,"316 N 84TH ST, Seattle 98103",8,2,2025-12-11,2025-12-11,1696000,1349000,1696000,5,3.00,2030,2025,98103,SEATTLE,42,8,5550,NR3
PUBLIC_PROXY,3349780,"2325 43RD AVENUE E #102, Seattle 98112",98112,14,2025-10-01,2025-10-01,1042000,1320000,1042000,0,0.00,0,0,98112,Seattle,,,0,
PUBLIC_PROXY,3343676,"130 BOREN AVENUE NORTH 2711, Seattle 98109",98109,11,2025-08-15,2025-08-15,1273000,1400000,1273000,3,2.50,1850,1991,98109,Seattle,,,0,
PUBLIC_PROXY,3355714,"4421 55TH AVE NE, Seattle 98105",6,11,2025-11-10,2025-11-10,1024000,1295000,1024000,3,1.75,2000,1947,98105,SEATTLE,46,6,6600,NR3
PUBLIC_PROXY,3359484,"957 W MCGRAW STREET#1, Seattle 98119",98119,14,2025-12-15,2025-12-15,1181000,1200000,1181000,0,0.00,0,0,98119,Seattle,,,0,
PUBLIC_PROXY,3352444,"16210 38TH AVE NE, Seattle 98155",98155,3,2025-10-20,2025-10-20,784900,1100000,784900,1,1.00,930,1924,98155,Seattle,,,0,
PUBLIC_PROXY,3363168,"3742 S 160TH ST, Seattle 98188",60,59,2026-01-15,2026-01-15,715600,1250000,715600,0,0.00,0,0,98188,SEATTLE,35,60,3093,C2-55 (M)
PUBLIC_PROXY,3346330,"3003 W RUFFNER ST, Seattle 98199",7,11,2025-09-03,2025-09-03,1187000,1159000,1187000,3,1.75,1580,1953,98199,SEATTLE,11,7,6000,NR3
PUBLIC_PROXY,3351445,"1433 30TH AVE, Seattle 98122",4,11,2025-10-04,2025-10-04,1017000,1170000,1017000,4,2.25,2100,1919,98122,SEATTLE,15,4,2200,NR3
PUBLIC_PROXY,3358037,"6732 1ST AVE NW, Seattle 98117",11,11,2025-12-01,2025-12-01,1071000,1315000,1071000,3,1.75,1890,1923,98117,SEATTLE,82,11,4400,NR3
PUBLIC_PROXY,3356503,"2209 12TH AVENUE WEST, Seattle 98119",2,11,2025-11-12,2025-11-12,1119000,1249000,1119000,4,2.75,2220,1958,98119,SEATTLE,12,2,3142,LR2 (M)
PUBLIC_PROXY,3342576,"3435 34TH AVE W, Seattle 98199",7,11,2025-08-08,2025-08-08,1220000,1300000,1220000,4,2.50,2240,1973,98199,SEATTLE,11,7,6000,NR3
PUBLIC_PROXY,3350116,"1621 QUEEN AVE N, Seattle 98109",30,3,2025-10-02,2025-10-02,1516600,1200000,1516600,0,0.00,0,0,98109,SEATTLE,20,30,3780,NC2P-55 (M1)
PUBLIC_PROXY,3351216,"8533 BURKE AVE N, Seattle 98103",7,11,2025-10-13,2025-10-13,1101000,1360000,1101000,3,1.75,2470,1952,98103,SEATTLE,6,7,7988,NR3
PUBLIC_PROXY,3345288,"601 BELMONT AVE E UNIT B11, Seattle 98102",98102,3,2025-08-25,2025-08-25,20000,1100000,20000,0,0.00,0,0,98102,Seattle,,,0,
PUBLIC_PROXY,3345288,"601 BELMONT AVE E UNIT B11, Seattle 98102",98102,3,2025-08-25,2025-08-25,20000,1100000,20000,0,0.00,0,0,98102,Seattle,,,0,
PUBLIC_PROXY,3345288,"601 BELMONT AVE E UNIT B11, Seattle 98102",98102,3,2025-08-25,2025-08-25,745000,1100000,745000,0,0.00,0,0,98102,Seattle,,,0,
PUBLIC_PROXY,3357333,"8823 ASHWORTH AVENUE NORTH, Seattle 98103",98103,14,2025-11-24,2025-11-24,1268000,1250000,1268000,0,0.00,0,0,98103,Seattle,,,0,
PUBLIC_PROXY,3348220,"3231 35TH AVE S, Seattle 98144",5,11,2025-09-05,2025-09-05,1116000,1308000,1116000,5,2.75,2420,1924,98144,SEATTLE,79,5,4080,NR3
PUBLIC_PROXY,3359182,"557 NE 91ST ST, Seattle 98115",2,11,2025-12-05,2025-12-05,892000,1179000,892000,3,1.75,1870,1930,98115,SEATTLE,7,2,7021,NR3
PUBLIC_PROXY,3353681,"1203C N ALLEN PL, Seattle 98103",7,11,2025-10-07,2025-10-07,935000,1130000,935000,3,1.75,1480,2025,98103,SEATTLE,43,7,766,LR3 (M2)
PUBLIC_PROXY,3350854,"4022 DAYTON AVE N, Seattle 98103",11,11,2025-10-09,2025-10-09,1001000,1100000,1001000,3,1.75,1520,1918,98103,SEATTLE,42,11,6400,NR3
PUBLIC_PROXY,3363397,"4222 MERIDIAN AVENUE NORTH, Seattle 98103",8,2,2026-01-22,2026-01-22,1889000,1362500,1889000,2,1.75,1110,2025,98103,SEATTLE,43,8,5700,NR3
PUBLIC_PROXY,3358225,"7291 CORSICAN DR APT#B, Seattle 92647",4,11,2025-12-03,2025-12-03,1090000,1150000,1090000,4,2.75,2170,1920,92647,SEATTLE,17,4,8700,NR3
PUBLIC_PROXY,3352955,"2311 238TH PL SE, Seattle 98021",10,11,2025-10-23,2025-10-23,1150000,1120000,1150000,4,1.75,2790,1915,98021,SEATTLE,19,10,5100,NR3
PUBLIC_PROXY,3348417,"2000 FAIRVIEW AVE E SUITE 100, Seattle 98102",9,11,2025-09-10,2025-09-10,1042000,1300000,1042000,2,1.50,1770,1946,98102,SEATTLE,12,9,5775,NR3
PUBLIC_PROXY,3356888,"3030 17TH AVE S, Seattle 98144",2,11,2025-11-21,2025-11-21,1126000,1245000,1126000,3,1.00,1630,1910,98144,SEATTLE,12,2,2800,NR3
PUBLIC_PROXY,3362916,"2301 FAIRVIEW AVE E 306, Seattle 98102",98102,14,2025-12-22,2025-12-22,1156000,1110000,1156000,0,0.00,0,0,98102,Seattle,,,0,
PUBLIC_PROXY,3349244,"3016 NW 74TH ST, Seattle 98117",10,11,2025-09-26,2025-09-26,934000,1210000,934000,4,1.75,2040,1952,98117,SEATTLE,19,10,5000,NR3
PUBLIC_PROXY,3345946,"2872 PARKWAY CIRCLE, Seattle 48310",5,12,2025-08-29,2025-08-29,1186000,1371150,1186000,3,2.00,1460,1912,48310,SEATTLE,43,5,6250,NR3
PUBLIC_PROXY,3358617,"8051 170TH PL NE, Seattle 98052",4,10,2025-12-05,2025-12-05,273000,1210000,273000,3,3.25,1940,2025,98052,SEATTLE,45,4,1187,LR2 (M)
PUBLIC_PROXY,3352588,"10422 20TH AVENUE NE, Seattle 98125",3,11,2025-10-20,2025-10-20,975000,1185000,975000,3,2.75,1890,1941,98125,SEATTLE,7,3,6496,NR3
PUBLIC_PROXY,3343863,"11029 84TH AVE S, Seattle 98178",98178,11,2025-08-19,2025-08-19,953000,1186000,953000,3,1.75,2130,1963,98178,Seattle,,,0,
PUBLIC_PROXY,3361914,"2130 10TH AVE W UNIT 28, Seattle 98119",98119,14,2026-01-05,2026-01-05,1324000,1390000,1324000,0,0.00,0,0,98119,Seattle,,,0,
PUBLIC_PROXY,3347084,"4528 144TH DR SE, Seattle 98290",4,11,2025-09-09,2025-09-09,998000,1200000,998000,4,2.50,2280,1944,98290,SEATTLE,15,4,7300,NR3
PUBLIC_PROXY,3342382,"611 NW 53RD ST, Seattle 98107",2,11,2025-08-08,2025-08-08,1186000,1125000,1186000,3,1.75,2240,1916,98107,SEATTLE,82,2,5000,NR3
PUBLIC_PROXY,3359384,"15516 91ST AVE SE, Seattle 98296",8,12,2025-12-11,2025-12-11,848000,1200888,848000,0,0.00,0,0,98296,SEATTLE,43,8,5202,NR3
PUBLIC_PROXY,3342817,"14507 ASH WAY, Seattle 98087",5,11,2025-08-12,2025-08-12,1049000,1115000,1049000,2,1.00,1690,1942,98087,SEATTLE,46,5,5974,NR3
PUBLIC_PROXY,3346256,"3939 SW ROSE ST, Seattle 98136",1,11,2025-09-04,2025-09-04,1023000,1175000,1023000,4,2.50,2230,1934,98136,SEATTLE,17,1,6304,NR3
PUBLIC_PROXY,3348814,"4315 NE 58TH ST, Seattle 98105",3,11,2025-09-22,2025-09-22,1210000,1355000,1210000,5,2.25,2370,1958,98105,SEATTLE,44,3,8100,NR3
PUBLIC_PROXY,3350330,"1896 E HAMLIN ST, Seattle 98112",2,12,2025-10-01,2025-10-01,1278000,1250000,1278000,6,3.75,2770,1969,98112,SEATTLE,82,2,5000,LR1 (M)
PUBLIC_PROXY,3351958,"7017 12TH AVE NW, Seattle 98117",11,11,2025-10-14,2025-10-14,1218000,1352000,1218000,3,1.75,2010,1922,98117,SEATTLE,82,11,5000,NR3
PUBLIC_PROXY,3347584,"1615 4TH AVENUE NORTH, Seattle 98109",7,11,2025-09-16,2025-09-16,870000,1100000,870000,2,2.00,1040,1941,98109,SEATTLE,11,7,6120,NR3
PUBLIC_PROXY,3355817,"1236 NE 117TH STREET, Seattle 98125",4,11,2025-11-14,2025-11-14,1115000,1215000,1115000,3,2.50,2420,2013,98125,SEATTLE,7,4,7216,NR2
PUBLIC_PROXY,3353768,"9898 5TH LN SW, Seattle 98106",98106,11,2025-09-22,2025-09-22,981000,1149900,981000,5,2.75,2800,2024,98106,Seattle,,,0,
PUBLIC_PROXY,3352593,"6725 22ND AVENUE NW, Seattle 98117",10,11,2025-10-15,2025-10-15,1027000,1145000,1027000,3,1.75,2450,1934,98117,SEATTLE,19,10,5100,NR3
PUBLIC_PROXY,3354041,"344 N. 81ST STREET, Seattle 98103",8,11,2025-10-31,2025-10-31,1435000,1200000,1435000,4,2.75,3270,1950,98103,SEATTLE,42,8,8670,NR3
PUBLIC_PROXY,3349200,"PO BOX 337, Seattle 98009",6,11,2025-09-11,2025-09-11,962000,1140000,962000,3,1.75,1750,1948,98009,SEATTLE,45,6,6500,NR3
PUBLIC_PROXY,3348662,"185 34TH AVE E, Seattle 98112",8,3,2025-09-24,2025-09-24,1048000,1120000,1048000,3,1.50,1690,1914,98112,SEATTLE,14,8,3456,NR3
PUBLIC_PROXY,3351970,"8614 25TH AVENUE NORTHEAST, Seattle 98115",6,11,2025-10-15,2025-10-15,1624000,1100000,1624000,7,4.00,3860,1953,98115,SEATTLE,45,6,6025,NR3
PUBLIC_PROXY,3348621,"18501 SE NEWPORT WAY  L248, Seattle 98027",8,11,2025-09-21,2025-09-21,1394000,1370000,1394000,4,2.50,2000,1953,98027,SEATTLE,14,8,7200,NR3
PUBLIC_PROXY,3364558,"7309 16TH AVE NW, Seattle 98117",10,11,2026-01-30,2026-01-30,1014000,1140000,1014000,4,2.50,2150,1947,98117,SEATTLE,19,10,5100,NR3
PUBLIC_PROXY,3355919,"2014 98TH AVE NE, Seattle 98004",3,12,2025-11-14,2025-11-14,1377000,1200000,1377000,6,3.00,2530,1965,98004,SEATTLE,42,3,5500,NR3
PUBLIC_PROXY,3363164,"8833 WALLINGFORD AVE N, Seattle 98103",98103,14,2026-01-16,2026-01-16,1142000,1275000,1142000,0,0.00,0,0,98103,Seattle,,,0,
PUBLIC_PROXY,3355373,"3906 BURKE AVE N, Seattle 98103",7,11,2025-11-06,2025-11-06,1169000,1202500,1169000,3,1.50,1830,1921,98103,SEATTLE,43,7,3400,NR3
PUBLIC_PROXY,3345931,"2101 NOB HILL AVE N  1B, Seattle 98109",10,11,2025-09-02,2025-09-02,835000,1100000,835000,3,1.75,1690,1929,98109,SEATTLE,19,10,4005,RSL (M)
PUBLIC_PROXY,3360497,"2823 36TH AVE W, Seattle 98199",7,11,2025-12-17,2025-12-17,1476000,1298000,1476000,3,2.50,2080,1946,98199,SEATTLE,11,7,6000,NR3
PUBLIC_PROXY,3355364,"3724 185TH ST SE, Seattle 98012",2,11,2025-11-12,2025-11-12,1084000,1327000,1084000,3,1.00,1510,1924,98012,SEATTLE,12,2,3500,NR3
PUBLIC_PROXY,3359008,"700 CROCKET ST APT 204, Seattle 98109",98109,11,2025-12-01,2025-12-01,1239000,1225000,1239000,4,2.50,3220,2008,98109,Seattle,,,0,
PUBLIC_PROXY,3345743,"2245 NW 64TH ST, Seattle 98107",10,11,2025-08-31,2025-08-31,1187000,1185000,1187000,4,2.75,1650,1915,98107,SEATTLE,19,10,3840,NR3
PUBLIC_PROXY,3355232,"2357 YALE AVE, Seattle 98102",7,11,2025-11-05,2025-11-05,1131000,1120000,1131000,2,2.25,1450,2017,98102,SEATTLE,13,7,1210,LR3 (M1)
PUBLIC_PROXY,3359763,"4701 SW ADMIRAL WAY #177, Seattle 98116",1,2,2025-12-16,2025-12-16,1048000,1275000,1048000,4,2.25,2060,2025,98116,SEATTLE,17,1,7635,NR2
PUBLIC_PROXY,3345856,"341 NORTHWEST 53RD STREET, Seattle 98107",2,11,2025-09-02,2025-09-02,1054000,1245000,1054000,3,1.75,1840,1906,98107,SEATTLE,82,2,5000,NR3
PUBLIC_PROXY,3360648,"118 16TH AVE, Seattle 98122",3,11,2025-12-19,2025-12-19,1260000,1150000,1260000,4,2.00,2000,1900,98122,SEATTLE,15,3,3840,LR3 (M)
PUBLIC_PROXY,3345947,"1712 BELMONT AVE 4, Seattle 98122",3,11,2025-09-04,2025-09-04,1225000,1340000,1225000,4,1.75,1960,1902,98122,SEATTLE,13,3,3300,LR3 (M)
PUBLIC_PROXY,3355596,"1823 TERRY AVE 3005, Seattle 98101",98101,11,2025-11-12,2025-11-12,1390000,1400000,1390000,4,2.25,1660,1967,98101,Seattle,,,0,
PUBLIC_PROXY,3361748,"10510 NORTHUP WAY SUITE 115, Seattle 98033",9,11,2026-01-02,2026-01-02,942000,1150000,942000,2,1.00,1550,1979,98033,SEATTLE,48,9,5750,NR3
PUBLIC_PROXY,3345196,"101 N 51ST ST, Seattle 98103",98103,14,2025-08-27,2025-08-27,1008000,1192500,1008000,0,0.00,0,0,98103,Seattle,,,0,
PUBLIC_PROXY,3343305,"7343 35TH AVE SW, Seattle 98126",5,11,2025-08-14,2025-08-14,878000,1100000,878000,0,0.00,0,0,98126,SEATTLE,45,5,8363,NC2P-55 (M)
PUBLIC_PROXY,3364776,"1803 NW 83RD ST, Seattle 98117",10,11,2026-01-31,2026-01-31,1349000,1330000,1349000,4,1.75,2040,1930,98117,SEATTLE,19,10,4005,RSL (M)
PUBLIC_PROXY,3361258,"4000 6TH AVE NW, Seattle 98107",11,12,2025-12-29,2025-12-29,1382000,1104400,1382000,3,2.00,2610,1954,98107,SEATTLE,42,11,5440,LR3 (M1)
PUBLIC_PROXY,3357104,"PO BOX 30595, Seattle 98113",1,11,2025-11-21,2025-11-21,1333000,1235000,1333000,4,2.50,2680,2017,98113,SEATTLE,8,1,4136,NR2
PUBLIC_PROXY,3351752,"7302 BOWLYN PL S, Seattle 98118",6,11,2025-10-15,2025-10-15,985000,1105000,985000,4,1.75,2450,1951,98118,SEATTLE,81,6,7800,NR1
PUBLIC_PROXY,3353666,"11747B MERIDIAN AVE N, Seattle 98133",98133,94,2025-10-23,2025-10-23,1440000,1350000,1440000,3,3.25,4470,1985,98133,Seattle,,,0,
PUBLIC_PROXY,3361541,"2737 59TH AVENUE SW, Seattle 98116",1,10,2025-12-31,2025-12-31,865000,1125000,865000,3,2.25,1750,2025,98116,SEATTLE,16,1,1200,LR1 (M)
PUBLIC_PROXY,3351492,"902 NORTHEAST 43RD STREET APT 402, Seattle 98105",5,11,2025-10-13,2025-10-13,1066000,1225000,1066000,4,1.75,1880,1947,98105,SEATTLE,8,5,8100,NR2
PUBLIC_PROXY,3347597,"37235 55TH AVE S, Seattle 98001",5,2,2025-08-11,2025-08-11,3007000,1375000,3007000,4,3.25,2200,2024,98001,SEATTLE,43,5,5000,NR3
PUBLIC_PROXY,3355309,"6024 48TH AVE SW, Seattle 98136",7,11,2025-11-10,2025-11-10,961000,1398950,961000,5,2.25,2740,1961,98136,SEATTLE,16,7,5000,NR3
PUBLIC_PROXY,3357750,"2006 28TH AVENUE W, Seattle 98199",3,11,2025-12-01,2025-12-01,946000,1215000,946000,3,1.75,1880,1936,98199,SEATTLE,11,3,3525,NR3
PUBLIC_PROXY,3355650,"716 16TH AVENUE UNIT C, Seattle 98122",3,11,2025-11-13,2025-11-13,866000,1125000,866000,3,2.50,1810,2017,98122,SEATTLE,15,3,1156,LR3 (M)
PUBLIC_PROXY,3350041,"4855 NE 41ST ST, Seattle 98105",9,11,2025-10-02,2025-10-02,1241000,1400000,1241000,1,1.75,1970,1942,98105,SEATTLE,46,9,4000,NR3
PUBLIC_PROXY,3356444,"400 112TH AVE NE #400, Seattle 98004",40,2,2025-11-18,2025-11-18,1821000,1300000,1821000,0,0.00,0,0,98004,SEATTLE,19,40,5383,NR3
PUBLIC_PROXY,3352785,"7019 JONES AVE NW, Seattle 98117",10,11,2025-10-17,2025-10-17,1103000,1210000,1103000,5,2.75,2370,1915,98117,SEATTLE,19,10,5100,NR3
PUBLIC_PROXY,3346112,"1015 NE 71ST ST, Seattle 98115",4,11,2025-08-24,2025-08-24,1131000,1129950,1131000,4,1.50,1940,1930,98115,SEATTLE,45,4,4600,LR1 (M1)
PUBLIC_PROXY,3354743,"3231 63RD AVE SW, Seattle 98116",5,11,2025-11-05,2025-11-05,1289000,1221000,1289000,4,2.25,2070,1924,98116,SEATTLE,16,5,6240,NR3
PUBLIC_PROXY,3352782,"10331 32ND AVE NE, Seattle 98125",2,2,2025-10-14,2025-10-14,1918000,1259000,1918000,4,3.00,1990,2025,98125,SEATTLE,44,2,5082,NR3
PUBLIC_PROXY,3343267,"7543 13TH AVE NW, Seattle 98117",2,11,2025-08-08,2025-08-08,1217000,1200000,1217000,3,1.50,1760,1946,98117,SEATTLE,39,2,7104,NR2
PUBLIC_PROXY,3356945,"6802 31ST AVE. NE, Seattle 98115",3,2,2025-11-18,2025-11-18,1726000,1375000,1726000,5,3.75,2320,2025,98115,SEATTLE,42,3,5000,NR3
PUBLIC_PROXY,3354265,"1706 ALKI AVENUE SW #A, Seattle 98116",1,11,2025-10-21,2025-10-21,1042000,1225000,1042000,2,2.25,1240,2018,98116,SEATTLE,16,1,800,LR3 (M)
PUBLIC_PROXY,3353980,"97 S JACKSON STREET UNIT 510, Seattle 98104",98104,14,2025-10-27,2025-10-27,1267000,1365000,1267000,0,0.00,0,0,98104,Seattle,,,0,
PUBLIC_PROXY,3361002,"5843 SEWARD PARK AVE S, Seattle 98118",6,11,2025-12-19,2025-12-19,1635000,1240000,1635000,4,2.75,3090,1949,98118,SEATTLE,81,6,13776,NR1
PUBLIC_PROXY,3353226,"3922 A LINDEN AVE N, Seattle 98103",8,11,2025-10-27,2025-10-27,954000,1305000,954000,3,2.75,2380,1919,98103,SEATTLE,43,8,4080,NR3
PUBLIC_PROXY,3347181,"4914 55TH AVE S, Seattle 98118",6,11,2025-09-12,2025-09-12,1179000,1260000,1179000,3,1.75,2390,1950,98118,SEATTLE,81,6,7200,NR2
PUBLIC_PROXY,3350852,"4050 34TH AVE S, Seattle 98118",4,11,2025-10-03,2025-10-03,1020000,1200000,1020000,3,2.50,1850,2006,98118,SEATTLE,79,4,4600,NR3
PUBLIC_PROXY,3352322,"8309 CALIFORNIA AVE SW, Seattle 98136",4,3,2025-10-18,2025-10-18,1180000,1200000,1180000,3,2.50,2940,1941,98136,SEATTLE,17,4,4320,NR3
PUBLIC_PROXY,3364652,"115 W KINNEAR PL, Seattle 98119",9,11,2026-01-29,2026-01-29,1239000,1330000,1239000,3,2.50,1680,2009,98119,SEATTLE,12,9,1297,LR3 (M)
PUBLIC_PROXY,3359522,"4531 S KENNY ST, Seattle 98118",11,11,2025-12-05,2025-12-05,1241000,1136550,1241000,4,3.25,2400,2016,98118,SEATTLE,81,11,5368,NR3
PUBLIC_PROXY,3346019,"60523 HEDGEWOOD LN, Seattle 97702",4,11,2025-09-02,2025-09-02,1120000,1400000,1120000,2,1.75,1780,1950,97702,SEATTLE,17,4,7300,NR2
PUBLIC_PROXY,3346458,"341 NW 90TH ST, Seattle 98117",98117,14,2025-09-02,2025-09-02,1145000,1217000,1145000,0,0.00,0,0,98117,Seattle,,,0,
PUBLIC_PROXY,3348924,"6007 PALATINE AVE N, Seattle 98103",3,11,2025-09-23,2025-09-23,710000,1400000,710000,3,1.00,1350,1926,98103,SEATTLE,42,3,3910,NR3
PUBLIC_PROXY,3353391,"4337 SOUTHWEST TRENTON STREET, Seattle 98136",4,11,2025-10-17,2025-10-17,1028000,1200000,1028000,4,2.75,2360,1993,98136,SEATTLE,17,4,4000,NR3
PUBLIC_PROXY,3361376,"1749 NORTHWEST 61ST STREET, Seattle 98107",1,11,2025-12-29,2025-12-29,1226000,1325000,1226000,3,2.50,2140,2015,98107,SEATTLE,19,1,2000,LR1 (M)
PUBLIC_PROXY,3357346,"6057 45TH AVE NE, Seattle 98115",3,11,2025-11-24,2025-11-24,1143000,1263000,1143000,3,1.75,1830,1950,98115,SEATTLE,44,3,8505,NR3
PUBLIC_PROXY,3352861,"6823 16TH AVE NE, Seattle 98115",5,11,2025-10-22,2025-10-22,1219000,1250000,1219000,5,2.75,2900,1951,98115,SEATTLE,45,5,8044,NR3
PUBLIC_PROXY,3346043,"2911 2ND AVENUE UNIT 1120, Seattle 98121",98121,14,2025-09-04,2025-09-04,847000,1280000,847000,0,0.00,0,0,98121,Seattle,,,0,
PUBLIC_PROXY,3354873,"3418 DENSMORE AVE N, Seattle 98103",7,11,2025-11-06,2025-11-06,1071000,1160000,1071000,5,1.75,2170,1914,98103,SEATTLE,43,7,3420,NR3
PUBLIC_PROXY,3361145,"88 E HAMLIN ST, Seattle 98012",44,13,2025-12-17,2025-12-17,1538000,1274100,1538000,0,0.00,0,0,98012,SEATTLE,25,44,3600,MR (M1)
PUBLIC_PROXY,3346591,"9020 BURKE AVE N, Seattle 98103",7,11,2025-09-08,2025-09-08,1246000,1225000,1246000,3,2.50,2360,2004,98103,SEATTLE,6,7,5063,NR3
PUBLIC_PROXY,3351500,"4801 SW HILL ST, Seattle 98116",7,2,2025-10-14,2025-10-14,1948000,1289000,1948000,4,3.25,2000,2025,98116,SEATTLE,16,7,5750,NR3
PUBLIC_PROXY,3355003,"1315 NORTHWEST 103RD STREET, Seattle 98177",3,11,2025-11-06,2025-11-06,1093000,1250000,1093000,4,3.00,2360,1976,98177,SEATTLE,39,3,7695,NR2
PUBLIC_PROXY,3357272,"2032 YALE AVE E APT 102, Seattle 98102",7,11,2025-11-20,2025-11-20,1254000,1399000,1254000,4,3.00,1760,2020,98102,SEATTLE,13,7,1029,LR2 (M)
PUBLIC_PROXY,3352659,"4841 38TH AVE SW, Seattle 98126",3,11,2025-10-20,2025-10-20,1108000,1215000,1108000,4,2.75,3720,1969,98126,SEATTLE,48,3,6000,RSL (M)
PUBLIC_PROXY,3362743,"5260 15TH AVE NE UNIT 303, Seattle 98105",60,11,2026-01-12,2026-01-12,1223000,1145000,1223000,0,0.00,0,0,98105,SEATTLE,17,60,4752,NR3
PUBLIC_PROXY,3355556,"123 N 40TH ST, Seattle 98103",11,11,2025-11-10,2025-11-10,1104000,1222000,1104000,2,1.75,1850,1951,98103,SEATTLE,42,11,5500,NR3
PUBLIC_PROXY,3360703,"10404 JOVITA BLVD E, Seattle 98372",8,2,2025-12-22,2025-12-22,2729000,1199950,2729000,4,2.50,1760,2025,98372,SEATTLE,42,8,3672,NR3
PUBLIC_PROXY,3353265,"17130 51ST AVE SE, Seattle 98012",8,2,2025-10-25,2025-10-25,2640000,1250000,2640000,3,3.25,2130,2025,98012,SEATTLE,6,8,4544,NR3
PUBLIC_PROXY,3344552,"15000 VILLAGE GREEN DRIVE SE UNIT 47, Seattle 98012",8,11,2025-08-22,2025-08-22,1038000,1150000,1038000,4,2.00,2170,1952,98012,SEATTLE,6,8,3000,RSL (M)
PUBLIC_PROXY,3348573,"PO BOX 3089, Seattle 92781",3,11,2025-09-23,2025-09-23,1334000,1330000,1334000,3,2.25,2080,2016,92781,SEATTLE,13,3,1440,LR3 (M)
PUBLIC_PROXY,3362913,"3202 NW 70TH ST UNIT 1, Seattle 98117",98117,14,2026-01-13,2026-01-13,892000,1250000,892000,0,0.00,0,0,98117,Seattle,,,0,
PUBLIC_PROXY,3342959,"11624 SE 5TH ST STE 210, Seattle 98005",4,11,2025-08-12,2025-08-12,1002000,1175000,1002000,2,0.75,960,1925,98005,SEATTLE,13,4,5512,NR3
PUBLIC_PROXY,3352301,"7016 34TH AVE NE, Seattle 98115",5,11,2025-10-20,2025-10-20,947000,1150000,947000,3,1.75,1680,1947,98115,SEATTLE,45,5,3800,NR3
PUBLIC_PROXY,3351191,"12705 2ND AVENUE NW, Seattle 98177",3,11,2025-10-11,2025-10-11,949000,1235000,949000,3,1.75,2280,1949,98177,SEATTLE,39,3,8160,NR2
PUBLIC_PROXY,3342568,"4033 55TH AVE SW, Seattle 98116",5,11,2025-08-11,2025-08-11,1017000,1205000,1017000,3,2.25,1650,1990,98116,SEATTLE,16,5,2500,NR3
PUBLIC_PROXY,3352358,"3129 NE 84TH ST, Seattle 98115",5,11,2025-10-16,2025-10-16,1096000,1330000,1096000,4,1.75,2210,1942,98115,SEATTLE,45,5,6000,NR3
PUBLIC_PROXY,3357355,"1405 S FOREST ST, Seattle 98144",1,11,2025-11-26,2025-11-26,1082000,1100000,1082000,4,1.75,1720,1949,98144,SEATTLE,79,1,7200,LR2 (M1)
PUBLIC_PROXY,3347097,"3250 AIRPORT WAY S # 701, Seattle 98134",1,3,2025-09-09,2025-09-09,1495000,1100000,1495000,5,2.00,4240,1952,98134,SEATTLE,39,1,9879,NR1
PUBLIC_PROXY,3347097,"3250 AIRPORT WAY S # 701, Seattle 98134",1,3,2025-09-09,2025-09-09,20000,1100000,20000,0,0.00,0,0,98134,SEATTLE,39,1,7874,NR1
PUBLIC_PROXY,3352706,"501 11TH AVE E, Seattle 98102",6,13,2025-10-01,2025-10-01,1191000,1285900,1191000,3,1.75,1820,2024,98102,SEATTLE,13,6,1081,LR3 (M)
PUBLIC_PROXY,3347289,"9227 MARY AVE NW, Seattle 98117",3,11,2025-09-10,2025-09-10,961000,1270000,961000,2,1.00,1050,1940,98117,SEATTLE,39,3,8100,RSL (M)
PUBLIC_PROXY,3353719,"4726 42ND AVE S, Seattle 98118",11,11,2025-10-28,2025-10-28,1345000,1275000,1345000,3,2.50,1850,2002,98118,SEATTLE,81,11,5000,NR3
PUBLIC_PROXY,3359858,"7012 18TH AVE NW, Seattle 98117",10,11,2025-12-17,2025-12-17,911000,1261000,911000,4,2.00,1520,1907,98117,SEATTLE,19,10,5100,NR3
PUBLIC_PROXY,3358924,"1418 33RD AVENUE, Seattle 98122",8,11,2025-12-10,2025-12-10,1092000,1350000,1092000,3,1.75,2200,1908,98122,SEATTLE,14,8,5000,NR3
PUBLIC_PROXY,3345352,"1401 E JEFFERSON ST STE 503, Seattle 98122",9,11,2025-08-26,2025-08-26,912000,1130000,912000,3,2.00,1880,1905,98122,SEATTLE,12,9,4800,LR1 (M)
PUBLIC_PROXY,3352503,"3702 SW CLOVERDALE ST, Seattle 98126",1,11,2025-10-13,2025-10-13,926000,1200000,926000,5,2.75,2180,1916,98126,SEATTLE,17,1,7768,NR3
PUBLIC_PROXY,3357958,"9720 ROOSEVELT WAY NE 204, Seattle 98115",98115,14,2025-12-03,2025-12-03,1197000,1200000,1197000,0,0.00,0,0,98115,Seattle,,,0,
PUBLIC_PROXY,3353680,"3413 10TH AVE W, Seattle 98119",2,11,2025-10-28,2025-10-28,1181000,1174950,1181000,3,1.75,1700,1924,98119,SEATTLE,12,2,4800,NR3
PUBLIC_PROXY,3364690,"1701 NE 90TH ST, Seattle 98115",3,11,2026-01-28,2026-01-28,1077000,1380000,1077000,4,2.75,2390,1966,98115,SEATTLE,7,3,5250,NR3
PUBLIC_PROXY,3357707,"13425 207TH CT SE, Seattle 98027",40,12,2025-11-18,2025-11-18,1086200,1135000,1086200,0,0.00,0,0,98027,SEATTLE,19,40,3452,LR3 RC (M)
PUBLIC_PROXY,3351162,"2602 NW 97TH STREET, Seattle 98117",6,11,2025-10-09,2025-10-09,1147000,1311000,1147000,3,2.75,2410,1965,98117,SEATTLE,39,6,9668,NR3
PUBLIC_PROXY,3350699,"353 WALLACE WAY NE 24, Seattle 98110",3,11,2025-10-03,2025-10-03,1154000,1164900,1154000,2,2.00,1600,1947,98110,SEATTLE,44,3,5120,NR3
PUBLIC_PROXY,3348652,"347 29TH AVE, Seattle 98122",11,11,2025-09-21,2025-09-21,1146000,1275000,1146000,5,3.50,2920,1926,98122,SEATTLE,15,11,4550,NR3
PUBLIC_PROXY,3349018,"4603 2ND AVE NE, Seattle 98105",2,11,2025-09-23,2025-09-23,891000,1312500,891000,4,3.00,1590,1918,98105,SEATTLE,12,2,2800,NR3
PUBLIC_PROXY,3344537,"401 S JACKSON ST, Seattle 98104",98104,1,2025-08-25,2025-08-25,1181000,1365000,1181000,0,0.00,0,0,98104,Seattle,,,0,
PUBLIC_PROXY,3349858,"3213 W WHEELER ST #111, Seattle 98199",9,11,2025-09-30,2025-09-30,1178000,1335000,1178000,4,2.00,1870,1965,98199,SEATTLE,12,9,5400,NR3
PUBLIC_PROXY,3360012,"205 31ST AVENUE S, Seattle 98144",11,11,2025-12-15,2025-12-15,1016000,1300000,1016000,3,2.75,2310,1977,98144,SEATTLE,15,11,8000,NR3
PUBLIC_PROXY,3343281,"1908 CLISE PL W, Seattle 98199",5,11,2025-08-15,2025-08-15,1380000,1399900,1380000,4,2.75,2400,1947,98199,SEATTLE,11,5,6750,NR3
PUBLIC_PROXY,3359397,"8524 LATONA AVE NE, Seattle 98115",98115,11,2025-12-12,2025-12-12,1288000,1300000,1288000,3,1.75,1530,1983,98115,Seattle,,,0,
PUBLIC_PROXY,3349925,"738 N 81ST ST, Seattle 98103",8,11,2025-09-24,2025-09-24,1171000,1175000,1171000,5,1.00,1990,1919,98103,SEATTLE,42,8,5100,NR3
PUBLIC_PROXY,3350111,"1017 NE 89TH STREET, Seattle 98115",2,12,2025-10-02,2025-10-02,855000,1140000,855000,4,2.00,1900,1930,98115,SEATTLE,7,2,6380,NR3
PUBLIC_PROXY,3352242,"5416 31ST AVE SW, Seattle 98126",6,11,2025-10-16,2025-10-16,930000,1172000,930000,3,1.75,1810,1961,98126,SEATTLE,48,6,5340,NR3
PUBLIC_PROXY,3359254,"4830B S MORGAN ST, Seattle 98118",11,11,2025-12-12,2025-12-12,1243000,1150000,1243000,4,2.50,2750,2006,98118,SEATTLE,81,11,5022,NR3
PUBLIC_PROXY,3351786,"8751 29TH AVENUE NORTHWEST, Seattle 98117",6,11,2025-10-13,2025-10-13,1035000,1345000,1035000,4,1.75,2460,1964,98117,SEATTLE,39,6,7057,NR2
PUBLIC_PROXY,3359104,"14038 PALATINE AVE N, Seattle 98133",2,3,2025-11-24,2025-11-24,1179000,1135500,1179000,6,3.00,2630,1960,98133,SEATTLE,12,2,4400,MIO-37-LR1 (M)
PUBLIC_PROXY,3346051,"400 ALOHA ST, Seattle 98109",5,11,2025-08-25,2025-08-25,882000,1130000,882000,3,3.00,1530,2001,98109,SEATTLE,12,5,1740,LR3 (M)
PUBLIC_PROXY,3349937,"6616 FLORA AVE S, Seattle 98108",7,11,2025-09-30,2025-09-30,828000,1274000,828000,3,2.25,1650,1918,98108,SEATTLE,16,7,6000,NR3
PUBLIC_PROXY,3350614,"13528 SE 83D ST, Seattle 98059",2,11,2025-10-02,2025-10-02,1137000,1275000,1137000,3,2.50,2260,1998,98059,SEATTLE,82,2,4800,NR3
PUBLIC_PROXY,3364340,"3056 NE 96TH ST, Seattle 98115",5,11,2026-01-30,2026-01-30,1614000,1350000,1614000,5,4.00,3290,1951,98115,SEATTLE,8,5,9336,NR2
PUBLIC_PROXY,3353600,"11256 EVANSTON AVE N, Seattle 98133",4,2,2025-10-27,2025-10-27,2603000,1275000,2603000,5,3.50,2950,2025,98133,SEATTLE,6,4,6593,NR3
PUBLIC_PROXY,3344108,"10030 44TH AVE NE, Seattle 98125",5,11,2025-08-13,2025-08-13,1100000,1195000,1100000,4,2.50,2200,1961,98125,SEATTLE,8,5,9450,NR2
PUBLIC_PROXY,3351356,"6717 BEACH FRIVE SW, Seattle 98136",9,11,2025-10-09,2025-10-09,956000,1150000,956000,3,1.00,1210,1951,98136,SEATTLE,48,9,8750,NR3
PUBLIC_PROXY,3351903,"2510 6TH AVE 2802, Seattle 98121",98121,10,2025-10-06,2025-10-06,1105000,1399000,1105000,0,0.00,0,0,98121,Seattle,,,0,
PUBLIC_PROXY,3361274,"4839 36TH AVE NE, Seattle 98105",98105,14,2025-12-30,2025-12-30,774000,1200000,774000,0,0.00,0,0,98105,Seattle,,,0,
PUBLIC_PROXY,3350695,"4332 193RD AVE SE, Seattle 98027",5,11,2025-10-02,2025-10-02,1044000,1329750,1044000,4,1.75,2160,1910,98027,SEATTLE,43,5,4590,NR3
PUBLIC_PROXY,3342631,"2523 ROYAL COURT EAST, Seattle 98112",5,11,2025-08-08,2025-08-08,1271000,1390000,1271000,5,2.25,1890,1927,98112,SEATTLE,13,5,3728,NR3
PUBLIC_PROXY,3355808,"4524B CORLISS AVE N, Seattle 98103",8,10,2025-11-17,2025-11-17,867000,1160000,867000,3,2.25,1640,2025,98103,SEATTLE,43,8,1176,LR1 (M1)
PUBLIC_PROXY,3343741,"158 NW 81ST ST, Seattle 98117",6,11,2025-08-18,2025-08-18,1050000,1215000,1050000,3,1.75,1770,1958,98117,SEATTLE,39,6,9961,NR2
PUBLIC_PROXY,3361256,"7327 58TH AVE NE, Seattle 98115",5,11,2025-12-19,2025-12-19,1230000,1175000,1230000,2,1.00,1550,1950,98115,SEATTLE,46,5,5800,NR3
PUBLIC_PROXY,3349264,"537 30TH AVENUE E, Seattle 98112",4,11,2025-09-25,2025-09-25,1025000,1170000,1025000,3,2.00,1490,1954,98112,SEATTLE,15,4,4432,NR3
PUBLIC_PROXY,3353523,"7556 12TH AVE NE, Seattle 98115",2,11,2025-10-22,2025-10-22,875000,1395000,875000,4,2.00,1740,1949,98115,SEATTLE,12,2,5760,LR1 (M)
PUBLIC_PROXY,3355524,"8538 13TH AVE NW, Seattle 98117",8,11,2025-11-02,2025-11-02,997000,1210000,997000,4,1.75,1950,1924,98117,SEATTLE,6,8,6650,RSL (M)
PUBLIC_PROXY,3342250,"3633 ASHWORTH AVE N, Seattle 98103",7,11,2025-08-08,2025-08-08,1414000,1375000,1414000,3,1.50,2600,1925,98103,SEATTLE,43,7,6840,NR3
PUBLIC_PROXY,3354150,"2809 E DENNY WAY UNIT A, Seattle 98122",98122,14,2025-10-31,2025-10-31,1302000,1395000,1302000,0,0.00,0,0,98122,Seattle,,,0,
PUBLIC_PROXY,3360605,"7420 LATONA AVENUE NE, Seattle 98115",9,11,2025-12-22,2025-12-22,1291000,1275000,1291000,2,1.00,1130,1907,98115,SEATTLE,43,9,4500,LR2 (M)
PUBLIC_PROXY,3358096,"852 NW 65TH ST, Seattle 98117",11,2,2025-12-04,2025-12-04,2082000,1250000,2082000,4,2.50,2400,2025,98117,SEATTLE,82,11,5890,NR3
PUBLIC_PROXY,3349708,"7704 45TH AVE SW, Seattle 98136",4,11,2025-09-26,2025-09-26,990000,1150000,990000,3,1.75,2600,1962,98136,SEATTLE,17,4,7500,NR3
PUBLIC_PROXY,3351534,"3815 S OTHELLO ST.  STE. 100-3, Seattle 98118",6,11,2025-10-15,2025-10-15,1149000,1350000,1149000,4,1.75,2160,1952,98118,SEATTLE,81,6,9600,NR2
PUBLIC_PROXY,3361202,"12348 11TH AVE NE, Seattle 98125",9,11,2025-12-24,2025-12-24,1287000,1330000,1287000,4,3.00,2500,1948,98125,SEATTLE,39,9,7000,NR3
PUBLIC_PROXY,3363401,"11544 RIVIERA PLACE NE, Seattle 98125",9,11,2026-01-20,2026-01-20,1015000,1240000,1015000,4,1.75,2290,1946,98125,SEATTLE,39,9,4000,NR3
PUBLIC_PROXY,3343555,"7713 22ND AVE NE, Seattle 98115",4,11,2025-08-14,2025-08-14,932000,1250000,932000,3,1.75,1660,1953,98115,SEATTLE,45,4,5100,NR3
PUBLIC_PROXY,3348155,"4316 2ND AVE NE, Seattle 98105",8,11,2025-09-19,2025-09-19,1202000,1150000,1202000,3,2.00,1650,1918,98105,SEATTLE,43,8,4590,NR3
PUBLIC_PROXY,3348058,"1801 NW 65TH ST # A, Seattle 98117",1,2,2025-09-18,2025-09-18,1211000,1140000,1211000,4,3.50,2040,2024,98117,SEATTLE,19,1,1256,LR1 (M)
PUBLIC_PROXY,3363949,"1406 E THOMAS ST, Seattle 98112",6,11,2026-01-26,2026-01-26,1068000,1274000,1068000,3,2.00,1870,1902,98112,SEATTLE,13,6,3784,LR3 (M)
PUBLIC_PROXY,3364597,"1721 17TH AVE, Seattle 98115",6,10,2026-01-27,2026-01-27,1010000,1125950,1010000,3,2.25,1550,2024,98115,SEATTLE,13,6,735,LR3 (M)
PUBLIC_PROXY,3363313,"7003 37TH AVE NE, Seattle 98115",6,2,2026-01-21,2026-01-21,1693000,1112500,1693000,5,4.00,3760,2025,98115,SEATTLE,45,6,6080,NR3
PUBLIC_PROXY,3353658,"1111 31ST AVE, Seattle 98122",4,3,2025-10-27,2025-10-27,1055000,1240000,1055000,4,2.00,1540,1918,98122,SEATTLE,15,4,4400,NR3
PUBLIC_PROXY,3353937,"920A 34TH AVE, Seattle 98122",8,14,2025-10-29,2025-10-29,1206000,1370000,1206000,3,2.75,1810,2025,98122,SEATTLE,14,8,1866,LR2 (M)
PUBLIC_PROXY,3347544,"1203E N ALLEN PL, Seattle 98103",7,11,2025-09-02,2025-09-02,935000,1130000,935000,3,2.50,1480,2025,98103,SEATTLE,43,7,766,LR3 (M2)
PUBLIC_PROXY,3352336,"5746 37TH AVE NE, Seattle 98105",3,11,2025-10-16,2025-10-16,1317000,1280000,1317000,3,2.50,1890,1929,98105,SEATTLE,44,3,4013,NR3
PUBLIC_PROXY,3344704,"3252 14TH AVE W, Seattle 98119",2,11,2025-08-22,2025-08-22,1036000,1180000,1036000,3,2.25,2160,2017,98119,SEATTLE,12,2,2537,LR1 (M)
PUBLIC_PROXY,3345296,"11557 PALATINE AVE N, Seattle 98133",3,11,2025-08-27,2025-08-27,991000,1125000,991000,4,2.00,1970,1944,98133,SEATTLE,39,3,6375,NR2
PUBLIC_PROXY,3356018,"10355 NE VALLEY RD UNIT 4708, Seattle 98061",14,11,2025-11-17,2025-11-17,1254000,1135000,1254000,4,2.50,2570,1955,98061,SEATTLE,39,14,8160,NR2
PUBLIC_PROXY,3361664,"2221 22ND AVE E, Seattle 98112",98112,11,2026-01-02,2026-01-02,1140000,1100000,1140000,3,2.50,1480,1964,98112,Seattle,,,0,
PUBLIC_PROXY,3347309,"6450 24TH AVENUE NORTHWEST APT 403, Seattle 98107",5,11,2025-09-15,2025-09-15,1302000,1300000,1302000,4,2.00,2200,1979,98107,SEATTLE,12,5,3000,LR3 (M)
PUBLIC_PROXY,3357267,"3423 ALBION PL N, Seattle 98103",7,11,2025-11-06,2025-11-06,300000,1150000,300000,2,2.25,1490,2025,98103,SEATTLE,43,7,1411,LR3 (M)
PUBLIC_PROXY,3350816,"2935 CAPTAIN COOK ESTATES CIR, Seattle 99517",1,10,2025-10-07,2025-10-07,865000,1200000,865000,3,2.25,1750,2025,99517,SEATTLE,16,1,1080,LR1 (M)
PUBLIC_PROXY,3354127,"2816 11TH AVENUE W, Seattle 98119",2,11,2025-11-02,2025-11-02,1333000,1300000,1333000,4,1.75,2030,1910,98119,SEATTLE,12,2,4000,NR3
PUBLIC_PROXY,3345711,"307 NW 83RD ST, Seattle 98117",98117,11,2025-09-02,2025-09-02,1158000,1350000,1158000,4,3.25,3490,2024,98117,Seattle,,,0,
PUBLIC_PROXY,3346916,"1122 SAWMILL GULCH ROAD, Seattle 93953",8,11,2025-09-10,2025-09-10,1288000,1230000,1288000,3,2.75,2050,1980,93953,SEATTLE,14,8,9150,NR3
PUBLIC_PROXY,3355467,"517 FEDERAL AVE E, Seattle 98102",98102,3,2025-11-12,2025-11-12,574000,1271325,574000,3,1.00,1750,1928,98102,Seattle,,,0,
PUBLIC_PROXY,3355467,"517 FEDERAL AVE E, Seattle 98102",98102,3,2025-11-12,2025-11-12,329000,1271325,329000,0,0.00,0,0,98102,Seattle,,,0,
PUBLIC_PROXY,3353868,"6059 26TH AVENUE NORTHEAST, Seattle 98115",2,11,2025-10-30,2025-10-30,884000,1160000,884000,3,1.75,1630,1925,98115,SEATTLE,44,2,3600,NR3
PUBLIC_PROXY,3360385,"929 10TH AVE E, Seattle 98102",98102,11,2025-12-12,2025-12-12,972000,1265000,972000,6,4.00,4960,1964,98102,Seattle,,,0,
PUBLIC_PROXY,3362245,"4441 53RD AVE SW, Seattle 98116",7,11,2026-01-06,2026-01-06,1295000,1150000,1295000,3,2.50,2060,1981,98116,SEATTLE,16,7,6341,NR3
PUBLIC_PROXY,3363440,"700 MAGAZINE ST. #301, Seattle 70130",9,11,2026-01-21,2026-01-21,726000,1149000,726000,2,2.25,1440,2025,70130,SEATTLE,43,9,981,LR2 (M)
PUBLIC_PROXY,3348507,"123 BROADWAY APT 508, Seattle 98122",98122,11,2025-09-22,2025-09-22,1039000,1125000,1039000,3,2.50,2730,2005,98122,Seattle,,,0,
PUBLIC_PROXY,3350352,"1225 1ST AVE W, Seattle 98119",9,11,2025-10-01,2025-10-01,1043000,1240000,1043000,3,2.25,1570,2019,98119,SEATTLE,12,9,1650,NR3
PUBLIC_PROXY,3355312,"917 BROADWAY E, Seattle 98102",3,11,2025-11-07,2025-11-07,1167000,1361000,1167000,2,1.00,1430,1936,98102,SEATTLE,13,3,5000,NR3
PUBLIC_PROXY,3351746,"2923 E HARRISON STREET, Seattle 98112",4,11,2025-10-09,2025-10-09,856000,1225000,856000,4,1.75,2260,1908,98112,SEATTLE,15,4,2617,NR3
PUBLIC_PROXY,3343595,"12045 8TH AVENUE NW, Seattle 98177",14,11,2025-08-18,2025-08-18,1549000,1375000,1549000,4,1.75,2910,1948,98177,SEATTLE,39,14,17025,NR2
PUBLIC_PROXY,3351884,"600 SW CLOVERDALE ST, Seattle 98106",8,11,2025-10-15,2025-10-15,1262000,1325000,1262000,7,3.75,3680,1989,98106,SEATTLE,77,8,7620,NR2
PUBLIC_PROXY,3354752,"111 NW 125TH ST, Seattle 98177",3,11,2025-10-31,2025-10-31,1205000,1100000,1205000,4,2.75,2760,2005,98177,SEATTLE,39,3,7723,NR2
PUBLIC_PROXY,3347521,"201 SOUTH JACKSON ST SUITE 6300, Seattle 98104",98104,1,2025-09-10,2025-09-10,458000,1325000,458000,0,0.00,0,0,98104,Seattle,,,0,
PUBLIC_PROXY,3347521,"201 SOUTH JACKSON ST SUITE 6300, Seattle 98104",98104,1,2025-09-10,2025-09-10,488000,1325000,488000,0,0.00,0,0,98104,Seattle,,,0,
PUBLIC_PROXY,3347521,"201 SOUTH JACKSON ST SUITE 6300, Seattle 98104",98104,1,2025-09-10,2025-09-10,488000,1325000,488000,0,0.00,0,0,98104,Seattle,,,0,
PUBLIC_PROXY,3347521,"201 SOUTH JACKSON ST SUITE 6300, Seattle 98104",98104,1,2025-09-10,2025-09-10,454000,1325000,454000,0,0.00,0,0,98104,Seattle,,,0,
PUBLIC_PROXY,3351260,"9544 3RD AVENUE NW, Seattle 98117",8,11,2025-10-14,2025-10-14,1363000,1320000,1363000,4,3.25,2260,2015,98117,SEATTLE,6,8,5900,NR3
PUBLIC_PROXY,3346585,"2321 W PLYMOUTH ST, Seattle 98199",98199,14,2025-08-28,2025-08-28,674000,1230000,674000,0,0.00,0,0,98199,Seattle,,,0,
PUBLIC_PROXY,3344986,"6828 35TH AVE NW, Seattle 98117",9,11,2025-08-14,2025-08-14,1112000,1350000,1112000,3,1.75,1720,1928,98117,SEATTLE,39,9,4410,NR3
PUBLIC_PROXY,3352809,"4026 52ND AVE SW, Seattle 98116",5,11,2025-10-20,2025-10-20,987000,1101000,987000,3,1.75,1830,1948,98116,SEATTLE,16,5,5635,NR3
PUBLIC_PROXY,3351180,"1627A 21ST AVE, Seattle 98122",3,11,2025-10-10,2025-10-10,890000,1169000,890000,3,1.75,1720,2025,98122,SEATTLE,15,3,1577,LR1 (M1)
PUBLIC_PROXY,3361571,"3209 61ST AVENUE SOUTHWEST, Seattle 98116",5,11,2025-12-29,2025-12-29,957000,1148000,957000,3,1.50,1710,1960,98116,SEATTLE,16,5,4800,NR3
PUBLIC_PROXY,3349468,"1943 34TH AVE W, Seattle 98199",5,11,2025-09-19,2025-09-19,1126000,1390500,1126000,4,2.50,1860,1940,98199,SEATTLE,11,5,5394,NR3
PUBLIC_PROXY,3362772,"5151 S FRONTENAC ST, Seattle 98118",11,11,2026-01-12,2026-01-12,1436000,1400000,1436000,4,3.50,3020,2016,98118,SEATTLE,81,11,4400,NR3
PUBLIC_PROXY,3352156,"615 E PIKE STREET UNIT 303, Seattle 98122",3,11,2025-10-16,2025-10-16,1211000,1350000,1211000,3,1.50,1920,1931,98122,SEATTLE,13,3,5120,NR3
PUBLIC_PROXY,3354668,"2357 YALE AVE E UNIT A, Seattle 98102",7,11,2025-11-05,2025-11-05,1131000,1125000,1131000,2,2.50,1450,2017,98102,SEATTLE,13,7,1277,LR3 (M1)
PUBLIC_PROXY,3355842,"6710A 36TH AVE SW, Seattle 98126",98126,14,2025-11-13,2025-11-13,1038000,1150000,1038000,0,0.00,0,0,98126,Seattle,,,0,
PUBLIC_PROXY,3354622,"810 N 40TH ST, Seattle 98103",5,11,2025-10-31,2025-10-31,1257000,1200000,1257000,4,1.75,2410,1900,98103,SEATTLE,43,5,5100,NR3
PUBLIC_PROXY,3361149,"10438 MATINAL CIR, Seattle 92127",8,11,2025-12-19,2025-12-19,1185000,1245000,1185000,3,2.50,2420,1993,92127,SEATTLE,14,8,2500,NR3
PUBLIC_PROXY,3350539,"1133 NW 58TH ST, Seattle 98107",11,11,2025-10-03,2025-10-03,983000,1205000,983000,5,2.00,1830,1924,98107,SEATTLE,82,11,5633,NR3
PUBLIC_PROXY,3345965,"8825 WALLINGFORD AVE N, Seattle 98103",98103,14,2025-09-03,2025-09-03,1199000,1299000,1199000,0,0.00,0,0,98103,Seattle,,,0,
PUBLIC_PROXY,3355090,"5461 S OTHELLO ST, Seattle 98118",6,11,2025-10-31,2025-10-31,987000,1110000,987000,5,2.50,1990,1959,98118,SEATTLE,81,6,7990,NR1
PUBLIC_PROXY,3354404,"2521 38TH AVENUE WEST, Seattle 98199",7,11,2025-11-04,2025-11-04,1089000,1250000,1089000,3,1.75,1750,1941,98199,SEATTLE,11,7,6000,NR3
PUBLIC_PROXY,3344166,"530 4TH AVE W APT 108, Seattle 98119",11,11,2025-08-19,2025-08-19,1052000,1254000,1052000,3,3.25,1820,2021,98119,SEATTLE,82,11,1439,LR1 (M1)
PUBLIC_PROXY,3344468,"5016 BAKE AVE NW, Seattle 98107",3,11,2025-08-22,2025-08-22,1105000,1248000,1105000,3,1.75,2140,1930,98107,SEATTLE,42,3,4000,NR3
PUBLIC_PROXY,3350917,"8056 28TH AVE NW, Seattle 98117",10,11,2025-10-06,2025-10-06,959000,1357000,959000,4,2.00,2200,1957,98117,SEATTLE,19,10,3920,NR3
PUBLIC_PROXY,3356981,"1138 CHANTILLY LN, Seattle 77018",2,11,2025-11-21,2025-11-21,1193000,1360000,1193000,3,1.75,1860,1927,77018,SEATTLE,12,2,3200,NR3
PUBLIC_PROXY,3350329,"3106 NORTHEAST 60TH STREET, Seattle 98115",2,11,2025-10-03,2025-10-03,1207000,1325000,1207000,4,1.75,2660,1925,98115,SEATTLE,44,2,3250,NR3
PUBLIC_PROXY,3352145,"4009 SW TRENTON ST, Seattle 98136",4,11,2025-10-16,2025-10-16,1164000,1350000,1164000,3,1.75,2620,1953,98136,SEATTLE,17,4,6806,NR2
PUBLIC_PROXY,3362079,"2835 46TH AVE W, Seattle 98199",5,2,2025-12-17,2025-12-17,2513000,1149500,2513000,6,3.50,3030,2025,98199,SEATTLE,11,5,8035,NR2
PUBLIC_PROXY,3351816,"702 SPRING ST APT 2114, Seattle 98104",98104,11,2025-10-15,2025-10-15,1343000,1360000,1343000,3,1.75,1620,1965,98104,Seattle,,,0,
PUBLIC_PROXY,3360243,"633 THIRD AVE 19TH FLOOR SUITE J, Seattle 10017",0,50,2025-12-02,2025-12-02,995124,1378687,995124,0,0.00,0,0,10017,SEATTLE,0,0,0,NC3-75 (M)
PUBLIC_PROXY,3347716,"1429 EAST VALLEY ST, Seattle 98112",98112,11,2025-09-16,2025-09-16,1006000,1165000,1006000,2,1.00,1350,1919,98112,Seattle,,,0,
PUBLIC_PROXY,3348505,"9716 5TH LANE SW, Seattle 98106",98106,2,2025-09-22,2025-09-22,993000,1179900,993000,5,2.75,2800,2025,98106,Seattle,,,0,
PUBLIC_PROXY,3354834,"4512 35TH AVE W, Seattle 98199",3,11,2025-11-05,2025-11-05,1072000,1250000,1072000,3,2.00,2250,1944,98199,SEATTLE,11,3,4800,NR3
PUBLIC_PROXY,3350207,"2900 W NEWTON ST, Seattle 98199",3,11,2025-10-03,2025-10-03,926000,1355000,926000,2,1.50,1410,1924,98199,SEATTLE,11,3,4455,NR3
PUBLIC_PROXY,3362992,"2212 QUEEN ANNE AVE N #307, Seattle 98119",7,2,2026-01-14,2026-01-14,2069000,1300000,2069000,3,2.25,1800,2025,98119,SEATTLE,11,7,4800,NR3
PUBLIC_PROXY,3351606,"6726 48TH AVE SW, Seattle 98136",7,11,2025-10-10,2025-10-10,1124000,1247000,1124000,3,3.00,2200,1955,98136,SEATTLE,16,7,11610,NR3
PUBLIC_PROXY,3348400,"12216 NE 97TH ST, Seattle 98033",3,11,2025-09-18,2025-09-18,1334000,1100000,1334000,4,3.50,2910,1982,98033,SEATTLE,8,3,13815,NR1
PUBLIC_PROXY,3360417,"1244 15TH AVENUE EAST UNIT 9, Seattle 98112",98112,14,2025-12-05,2025-12-05,1352000,1180000,1352000,0,0.00,0,0,98112,Seattle,,,0,
PUBLIC_PROXY,3360995,"5001 25TH AVE NE UNIT 202, Seattle 98105",9,11,2025-12-23,2025-12-23,1243000,1350000,1243000,4,1.50,1500,1920,98105,SEATTLE,46,9,6000,NR3
PUBLIC_PROXY,3355874,"398 SW 176TH PL, Seattle 98166",98166,11,2025-11-14,2025-11-14,978000,1214888,978000,3,3.00,3170,1960,98166,Seattle,,,0,
PUBLIC_PROXY,3347032,"6020 27TH AVE NE, Seattle 98115",2,11,2025-09-08,2025-09-08,1276000,1325500,1276000,6,1.75,2240,1968,98115,SEATTLE,44,2,7000,NR3
PUBLIC_PROXY,3355980,"1537 NE 96TH STREET, Seattle 98115",3,11,2025-11-14,2025-11-14,1034000,1115000,1034000,3,1.75,2200,1952,98115,SEATTLE,7,3,10218,NR3
PUBLIC_PROXY,3354289,"1064 E REPUBLICAN ST, Seattle 98102",6,13,2025-10-14,2025-10-14,1164000,1301060,1164000,4,2.25,1820,2024,98102,SEATTLE,13,6,817,LR3 (M)
PUBLIC_PROXY,3353547,"2225 E BELT LINE RD SUITE 200, Seattle 75006",9,11,2025-10-29,2025-10-29,1242000,1200000,1242000,5,1.50,2230,1929,75006,SEATTLE,12,9,2905,NR3
PUBLIC_PROXY,3349964,"655 CROCKETT ST A204, Seattle 98109",4,11,2025-09-30,2025-09-30,890000,1320000,890000,3,1.75,1660,1922,98109,SEATTLE,45,4,5355,NR3
PUBLIC_PROXY,3358218,"6507 41ST AVENUE SW, Seattle 98136",1,11,2025-12-03,2025-12-03,985000,1100000,985000,3,2.50,2130,1920,98136,SEATTLE,17,1,6000,NR3
PUBLIC_PROXY,3351006,"119 37TH AVENUE EAST, Seattle 98112",8,11,2025-10-07,2025-10-07,1240000,1220000,1240000,3,1.75,1880,1915,98112,SEATTLE,14,8,2883,NR3
PUBLIC_PROXY,3360039,"2307 50TH AVE SW, Seattle 98116",98116,11,2025-12-12,2025-12-12,1103000,1270000,1103000,5,4.75,4130,1993,98116,Seattle,,,0,
PUBLIC_PROXY,3362174,"1206 EAST REPUBLICAN STREET, Seattle 98102",6,11,2026-01-07,2026-01-07,1015000,1110000,1015000,3,2.50,1820,2002,98102,SEATTLE,13,6,1470,LR3 (M)
PUBLIC_PROXY,3360210,"662 156TH AVE NE, Seattle 98007",3,11,2025-12-16,2025-12-16,1229000,1270000,1229000,3,3.25,1810,2013,98007,SEATTLE,15,3,1770,LR3 (M)
PUBLIC_PROXY,3356709,"2902 LAKE WASHINGTON BLVD N, Seattle 98056",15,3,2025-11-19,2025-11-19,1392000,1400000,1392000,0,0.00,0,0,98056,SEATTLE,14,15,6747,LR2 (M)
PUBLIC_PROXY,3353739,"2739 59TH AVENUE SW, Seattle 98116",1,10,2025-10-29,2025-10-29,926000,1325000,926000,3,2.25,1720,2025,98116,SEATTLE,16,1,2163,LR1 (M)
PUBLIC_PROXY,3343911,"1730 MAGNOLIA WAY WEST, Seattle 98199",5,11,2025-08-19,2025-08-19,1022000,1119000,1022000,3,1.75,1840,1908,98199,SEATTLE,79,5,3296,NR3
PUBLIC_PROXY,3350184,"2311 45TH AVE SW, Seattle 98116",1,11,2025-10-02,2025-10-02,1192000,1366000,1192000,3,2.00,2160,1918,98116,SEATTLE,16,1,6250,NR3
PUBLIC_PROXY,3353732,"1746 NW 64TH ST, Seattle 98107",10,11,2025-10-27,2025-10-27,883000,1205000,883000,3,1.75,1580,1941,98107,SEATTLE,19,10,4100,NR3
PUBLIC_PROXY,3364682,"2554 3RD AV W, Seattle 98119",2,11,2026-01-30,2026-01-30,822000,1120000,822000,4,1.75,1090,1928,98119,SEATTLE,12,2,4800,NR3
PUBLIC_PROXY,3359298,"3205 25TH AVENUE W, Seattle 98199",3,11,2025-12-12,2025-12-12,1177000,1185000,1177000,5,2.50,3130,1947,98199,SEATTLE,11,3,5760,NR3
PUBLIC_PROXY,3355345,"2632 NW 57TH ST #3, Seattle 98107",1,11,2025-11-07,2025-11-07,1601000,1200000,1601000,7,5.00,3130,1976,98107,SEATTLE,19,1,5000,LR2 (M)
PUBLIC_PROXY,3356244,"6801 GREENWOOD AVE N 301, Seattle 98103",98103,14,2025-11-17,2025-11-17,688000,1130000,688000,0,0.00,0,0,98103,Seattle,,,0,
PUBLIC_PROXY,3348944,"423 EAST PIKE STREET, Seattle 98122",10,59,2025-09-26,2025-09-26,2129800,1150000,2129800,0,0.00,0,0,98122,SEATTLE,19,10,9256,NC1-40 (M)
PUBLIC_PROXY,3350945,"5701 SW HANFORD ST, Seattle 98116",5,11,2025-10-08,2025-10-08,1094000,1200000,1094000,3,1.00,1510,1941,98116,SEATTLE,16,5,15540,NR2
PUBLIC_PROXY,3347029,"7316 JONES AVENUE NORTHWEST, Seattle 98117",10,11,2025-09-10,2025-09-10,1320000,1335000,1320000,5,2.75,2450,1913,98117,SEATTLE,19,10,5100,NR3
PUBLIC_PROXY,3356033,"8435 FAUNTLEROY PLACE SW, Seattle 98136",4,11,2025-11-14,2025-11-14,1373000,1385000,1373000,4,3.25,3140,1996,98136,SEATTLE,17,4,5000,NR3
PUBLIC_PROXY,3363553,"13017 3RD AVE NW, Seattle 98177",14,11,2026-01-22,2026-01-22,1156000,1325000,1156000,3,2.25,2220,1948,98177,SEATTLE,39,14,8160,NR2
PUBLIC_PROXY,3344277,"105 W TANGLEWOOD TRAIL, Seattle 85085",5,11,2025-08-21,2025-08-21,1027000,1250000,1027000,3,2.50,1690,2015,85085,SEATTLE,12,5,1112,LR2 (M)
PUBLIC_PROXY,3346489,"311 N 42ND ST, Seattle 98103",11,11,2025-09-08,2025-09-08,811000,1100000,811000,3,1.75,1640,1910,98103,SEATTLE,42,11,3300,NR3
PUBLIC_PROXY,3348042,"949 NW MARKET STREET APT 506, Seattle 98107",98107,11,2025-09-17,2025-09-17,1629000,1350000,1629000,3,1.50,1660,1957,98107,Seattle,,,0,
PUBLIC_PROXY,3349152,"945 8TH AVE S, Seattle 98020",6,11,2025-09-25,2025-09-25,1011000,1249000,1011000,4,2.50,2500,1994,98020,SEATTLE,81,6,4200,NR3
PUBLIC_PROXY,3349469,"1943 34TH AVE W, Seattle 98199",5,11,2025-09-29,2025-09-29,1126000,1390500,1126000,4,2.50,1860,1940,98199,SEATTLE,11,5,5394,NR3
PUBLIC_PROXY,3358160,"9266 4TH AVE SW, Seattle 98136",4,11,2025-12-03,2025-12-03,1265000,1370000,1265000,4,3.50,2790,1926,98136,SEATTLE,17,4,5000,NR3
PUBLIC_PROXY,3359976,"1721 NW 63RD ST, Seattle 98107",1,2,2025-12-16,2025-12-16,1014000,1195000,1014000,3,2.75,2000,2025,98107,SEATTLE,19,1,1445,LR1 (M)
PUBLIC_PROXY,3354048,"625 W EMERSON ST, Seattle 98119",2,10,2025-10-31,2025-10-31,1167000,1115000,1167000,4,2.25,1940,2024,98119,SEATTLE,12,2,2176,LR1 (M)
PUBLIC_PROXY,3344078,"6321 NORTHEAST 175 STREET, Seattle 98028",40,91,2025-08-21,2025-08-21,2805000,1350000,2805000,0,0.00,0,0,98028,SEATTLE,12,40,18085,C2-40
PUBLIC_PROXY,3346950,"2014 E PINE ST UNIT A, Seattle 98122",98122,14,2025-09-02,2025-09-02,1150000,1399000,1150000,0,0.00,0,0,98122,Seattle,,,0,
PUBLIC_PROXY,3347343,"5206 WALLINGFORD AVE NO, Seattle 98103",5,11,2025-09-12,2025-09-12,1036000,1400000,1036000,3,1.75,1980,1909,98103,SEATTLE,43,5,5617,NR3
PUBLIC_PROXY,3352118,"923 33RD AVE, Seattle 98122",8,11,2025-10-14,2025-10-14,1407000,1365000,1407000,3,1.50,1870,1926,98122,SEATTLE,14,8,4300,NR3
PUBLIC_PROXY,3349143,"12 WILMINGTON DRIVE, Seattle 11747",11,11,2025-09-25,2025-09-25,889000,1120000,889000,3,3.00,1840,2001,11747,SEATTLE,42,11,1500,LR1 (M)
PUBLIC_PROXY,3344282,"1121 34TH AVE UNIT A, Seattle 98122",47,59,2025-08-16,2025-08-16,981400,1195000,981400,0,0.00,0,0,98122,SEATTLE,25,47,1103,NC1-40 (M)
PUBLIC_PROXY,3357294,"1 EDEN LN, Seattle 98040",6,2,2025-11-25,2025-11-25,2594000,1198000,2594000,3,3.25,1650,2025,98040,SEATTLE,13,6,4200,LR1 (M1)
PUBLIC_PROXY,3347190,"9281 46TH AVE SW, Seattle 98136",5,11,2025-09-11,2025-09-11,1336000,1385000,1336000,4,2.00,2760,1945,98136,SEATTLE,16,5,10662,NR3
PUBLIC_PROXY,3358655,"8733 GREENWOOD AVE N, Seattle 98103",10,91,2025-12-05,2025-12-05,942600,1400000,942600,0,0.00,0,0,98103,SEATTLE,14,10,6726,NC2-55 (M)
PUBLIC_PROXY,3351463,"2035 A NW 61ST ST, Seattle 98107",1,10,2025-10-01,2025-10-01,939000,1113500,939000,4,1.75,1800,2025,98107,SEATTLE,19,1,1150,LR1 (M)
PUBLIC_PROXY,3350554,"6834 24TH AVE NE, Seattle 98115",2,11,2025-10-01,2025-10-01,820000,1175000,820000,4,1.00,1400,1929,98115,SEATTLE,8,2,6750,NR2
PUBLIC_PROXY,3347697,"2716 ELLIOTT AVE 1000, Seattle 98121",98121,14,2025-09-17,2025-09-17,1222000,1150000,1222000,0,0.00,0,0,98121,Seattle,,,0,
PUBLIC_PROXY,3363810,"5305 SW SHORE PL, Seattle 98136",7,11,2026-01-20,2026-01-20,230000,1255000,230000,0,0.00,0,0,98136,SEATTLE,16,7,7855,NR2
PUBLIC_PROXY,3363810,"5305 SW SHORE PL, Seattle 98136",7,11,2026-01-20,2026-01-20,1052000,1255000,1052000,3,3.25,2220,1909,98136,SEATTLE,16,7,5406,NR2
PUBLIC_PROXY,3350760,"19608 INTERNATIONAL BLVD, Seattle 98188",3,11,2025-10-01,2025-10-01,1187000,1385000,1187000,3,2.00,2280,1938,98188,SEATTLE,16,3,5000,NR3
PUBLIC_PROXY,3364653,"7747 37TH AVE NE, Seattle 98115",6,11,2026-01-30,2026-01-30,1051000,1200000,1051000,4,2.00,2140,1960,98115,SEATTLE,45,6,5000,NR3
PUBLIC_PROXY,3357318,"1932 NORTHWEST 98TH STREET, Seattle 98117",6,11,2025-11-22,2025-11-22,1077000,1250000,1077000,3,2.25,1610,1981,98117,SEATTLE,39,6,5000,NR3
PUBLIC_PROXY,3343301,"255 LENORA ST, Seattle 98121",98121,11,2025-08-14,2025-08-14,874000,1150000,874000,5,3.25,2910,2024,98121,Seattle,,,0,
PUBLIC_PROXY,3357302,"6320 MOCCASIN PASS CT, Seattle 80919",3,11,2025-11-20,2025-11-20,1099000,1150000,1099000,3,2.50,2000,2025,80919,SEATTLE,16,3,5600,NR2
PUBLIC_PROXY,3354452,"7337 20TH AVENUE NORTHEAST, Seattle 98115",4,11,2025-11-03,2025-11-03,1026000,1290000,1026000,4,2.50,2370,1940,98115,SEATTLE,45,4,5100,NR3
PUBLIC_PROXY,3346089,"1250 ALKI AVENUE SW UNIT 4G, Seattle 98116",98116,14,2025-09-03,2025-09-03,1479000,1399000,1479000,0,0.00,0,0,98116,Seattle,,,0,
PUBLIC_PROXY,3358040,"10429 E ALDERBROOK PL NW, Seattle 98177",98177,11,2025-12-03,2025-12-03,1080000,1140000,1080000,3,1.75,1440,1988,98177,Seattle,,,0,
PUBLIC_PROXY,3360387,"3618 WHITMAN AVE N, Seattle 98103",7,11,2025-12-19,2025-12-19,961000,1200000,961000,3,1.75,1950,1919,98103,SEATTLE,43,7,2719,LR3 (M)
PUBLIC_PROXY,3350581,"2927 39TH AVE SW UNIT A, Seattle 98116",98116,14,2025-10-02,2025-10-02,936000,1274000,936000,0,0.00,0,0,98116,Seattle,,,0,
PUBLIC_PROXY,3348529,"5006 191ST ST SW, Seattle 98036",8,10,2025-09-22,2025-09-22,943000,1195000,943000,2,2.25,1520,2025,98036,SEATTLE,43,8,1497,LR1 (M1)
PUBLIC_PROXY,3358850,"13766 22ND AVE NE  333E, Seattle 98125",98125,14,2025-12-05,2025-12-05,891000,1110000,891000,0,0.00,0,0,98125,Seattle,,,0,
PUBLIC_PROXY,3343693,"3813 AURORA AVE N APT 4, Seattle 98103",3,11,2025-08-15,2025-08-15,1008000,1345000,1008000,3,1.75,1750,1957,98103,SEATTLE,7,3,16100,NR2
PUBLIC_PROXY,3350332,"1815 NORTH 55TH STREET, Seattle 98103",5,11,2025-10-03,2025-10-03,1071000,1400000,1071000,3,1.75,1580,1923,98103,SEATTLE,43,5,4280,NR3
PUBLIC_PROXY,3353631,"1016 NE 95TH STREET, Seattle 98115",2,11,2025-10-23,2025-10-23,1247000,1281250,1247000,4,2.25,2680,1930,98115,SEATTLE,7,2,5107,NR3
PUBLIC_PROXY,3355492,"4222 CALDWELL RD E, Seattle 98372",1,2,2025-11-13,2025-11-13,1883000,1270000,1883000,4,3.25,2290,2025,98372,SEATTLE,19,1,5000,NR3
PUBLIC_PROXY,3356052,"2709 NE 90TH ST, Seattle 98115",5,11,2025-11-15,2025-11-15,1002000,1325000,1002000,3,1.75,1760,1941,98115,SEATTLE,45,5,6829,NR3
PUBLIC_PROXY,3352200,"1629 42ND AVE E UNIT B, Seattle 98112",7,11,2025-10-20,2025-10-20,1287000,1100000,1287000,3,2.50,1360,2016,98112,SEATTLE,14,7,1629,LR1 (M)
PUBLIC_PROXY,3360128,"12909 WESTLAKE AVE N UNIT 445, Seattle 98109",98109,11,2025-12-15,2025-12-15,1341000,1360000,1341000,4,2.50,1880,1971,98109,Seattle,,,0,
PUBLIC_PROXY,3356723,"3800 SW HOLDEN ST, Seattle 98126",1,11,2025-10-31,2025-10-31,1260000,1150000,1260000,4,2.50,2620,2014,98126,SEATTLE,17,1,4080,NR3
PUBLIC_PROXY,3345775,"4730 CALIFORNIA AVE SW 502, Seattle 98116",7,11,2025-08-27,2025-08-27,1038000,1287000,1038000,4,2.50,1720,1995,98116,SEATTLE,16,7,6500,NR3
PUBLIC_PROXY,3343483,"5613 21ST AVENUE SW, Seattle 98106",5,11,2025-08-13,2025-08-13,865000,1323000,865000,4,2.50,2690,2007,98106,SEATTLE,18,5,5278,NR3
PUBLIC_PROXY,3348012,"912 N 88TH ST, Seattle 98103",6,3,2025-09-16,2025-09-16,953000,1100000,953000,4,1.75,1940,1930,98103,SEATTLE,6,6,5100,LR1 (M1)
PUBLIC_PROXY,3345732,"5537 ASHWORTH AVE N, Seattle 98103",5,11,2025-08-27,2025-08-27,1107000,1400000,1107000,5,1.50,1760,1902,98103,SEATTLE,43,5,6120,NR3
PUBLIC_PROXY,3364173,"5416 30TH AVE SW, Seattle 98126",4,11,2026-01-26,2026-01-26,1176000,1380000,1176000,4,3.25,2440,1947,98126,SEATTLE,17,4,8200,NR3
PUBLIC_PROXY,3346917,"97 S JACKSON ST UNIT 506, Seattle 98104",98104,14,2025-09-11,2025-09-11,895000,1250000,895000,0,0.00,0,0,98104,Seattle,,,0,
PUBLIC_PROXY,3355867,"7049 33RD AVENUE NE, Seattle 98115",5,11,2025-11-12,2025-11-12,1248000,1315000,1248000,3,2.50,1780,1930,98115,SEATTLE,45,5,4320,NR3
PUBLIC_PROXY,3355114,"6116 30TH AVE NW, Seattle 98107",1,11,2025-11-03,2025-11-03,1202000,1267000,1202000,5,3.00,2090,2023,98107,SEATTLE,19,1,1400,LR1 (M)
PUBLIC_PROXY,3347486,"4101 22ND AVE SW, Seattle 98106",3,11,2025-09-12,2025-09-12,994000,1300000,994000,3,2.50,2770,1993,98106,SEATTLE,18,3,5000,NR3
PUBLIC_PROXY,3358656,"5624 NE 55TH ST, Seattle 98105",7,11,2025-12-05,2025-12-05,1281000,1175000,1281000,3,1.75,2100,1941,98105,SEATTLE,11,7,6150,NR3
PUBLIC_PROXY,3356015,"10722 3RD AVE NW, Seattle 98177",3,3,2025-11-12,2025-11-12,1291000,1120000,1291000,3,3.00,2610,2003,98177,SEATTLE,39,3,8190,NR2
PUBLIC_PROXY,3353144,"4710 43TH AVE S, Seattle 98118",9,12,2025-10-20,2025-10-20,1095000,1183490,1095000,3,1.75,1630,1906,98118,SEATTLE,12,9,3600,NR3
PUBLIC_PROXY,3345535,"3614 BEACH DRIVE SW, Seattle 98116",5,12,2025-08-27,2025-08-27,1023000,1160000,1023000,4,2.00,1480,1950,98116,SEATTLE,16,5,3960,LR2 (M)
PUBLIC_PROXY,3352265,"327 NORTH 78TH STREET, Seattle 98103",8,11,2025-10-15,2025-10-15,957000,1300000,957000,3,1.75,2020,1914,98103,SEATTLE,42,8,4000,NR3
PUBLIC_PROXY,3346951,"2014 E PINE ST UNIT A, Seattle 98122",98122,14,2025-09-02,2025-09-02,1150000,1399000,1150000,0,0.00,0,0,98122,Seattle,,,0,
PUBLIC_PROXY,3357356,"637 NW 54TH ST, Seattle 98107",8,10,2025-11-13,2025-11-13,953000,1100000,953000,3,2.75,1550,2025,98107,SEATTLE,43,8,1508,LR2 (M1)
PUBLIC_PROXY,3344696,"2474 WESTMONT W, Seattle 98199",7,11,2025-08-26,2025-08-26,1371000,1395000,1371000,4,2.25,2590,1945,98199,SEATTLE,11,7,5288,NR3
PUBLIC_PROXY,3355748,"7044 18TH AVE NE, Seattle 98115",4,11,2025-11-13,2025-11-13,1254000,1180000,1254000,4,3.25,2600,1990,98115,SEATTLE,45,4,4284,NR3
PUBLIC_PROXY,3353794,"10034 41ST AVE NE, Seattle 98125",5,11,2025-10-21,2025-10-21,1113000,1293000,1113000,3,2.25,1810,1968,98125,SEATTLE,8,5,8850,NR2
PUBLIC_PROXY,3358049,"2011 CORNWALL AVE, Seattle 98225",3,11,2025-12-01,2025-12-01,890000,1174900,890000,3,1.75,1720,2025,98225,SEATTLE,15,3,1685,LR1 (M1)
PUBLIC_PROXY,3358792,"922 16TH AVE  A, Seattle 98122",3,11,2025-12-02,2025-12-02,993000,1116000,993000,3,2.25,1680,2024,98122,SEATTLE,15,3,1058,LR1 (M)
PUBLIC_PROXY,3346010,"5129 S MORGAN ST, Seattle 98118",11,11,2025-09-03,2025-09-03,1421000,1315000,1421000,4,2.50,2890,2007,98118,SEATTLE,81,11,8556,NR2
PUBLIC_PROXY,3360986,"1717 S JUNEAU ST, Seattle 98108",98108,11,2025-12-27,2025-12-27,1136000,1200000,1136000,3,2.00,2260,2014,98108,Seattle,,,0,
PUBLIC_PROXY,3349631,"1512 18TH AVE UNIT A, Seattle 98122",3,11,2025-09-29,2025-09-29,1152000,1250000,1152000,5,1.75,2200,1916,98122,SEATTLE,42,3,4140,NR3
PUBLIC_PROXY,3346908,"4111 NE 103RD PL, Seattle 98125",5,11,2025-09-08,2025-09-08,1026000,1195000,1026000,4,1.75,1860,1959,98125,SEATTLE,8,5,9344,NR2
PUBLIC_PROXY,3344328,"3833 59TH AVENUE SW, Seattle 98116",5,10,2025-08-21,2025-08-21,1107000,1180000,1107000,3,1.75,1620,2024,98116,SEATTLE,16,5,1182,LR2 (M)
PUBLIC_PROXY,3345379,"316 NORTH 77TH STREET, Seattle 98103",8,11,2025-08-22,2025-08-22,983000,1232800,983000,3,1.75,1560,1914,98103,SEATTLE,42,8,2911,NR3
PUBLIC_PROXY,3362780,"100 BOSTON ST, Seattle 98109",20,13,2026-01-14,2026-01-14,1522000,1390000,1522000,0,0.00,0,0,98109,SEATTLE,19,20,5000,LR3 (M)
PUBLIC_PROXY,3343081,"2019 NW 64TH ST, Seattle 98107",1,11,2025-08-11,2025-08-11,1038000,1125000,1038000,4,3.00,1760,2015,98107,SEATTLE,19,1,1637,LR1 (M)
PUBLIC_PROXY,3346449,"1723 29TH AVE, Seattle 98122",4,11,2025-09-02,2025-09-02,1113000,1217500,1113000,3,2.50,1650,1994,98122,SEATTLE,15,4,4503,NR3
PUBLIC_PROXY,3364866,"7015 LINDEN AVENUE NORTH, Seattle 98103",5,11,2026-01-30,2026-01-30,712000,1100000,712000,1,1.00,700,1942,98103,SEATTLE,45,5,5100,NR3
PUBLIC_PROXY,3362146,"516 N COVE COLONY WAY, Seattle 83616",7,11,2026-01-06,2026-01-06,1132000,1190000,1132000,3,3.00,1800,2023,83616,SEATTLE,13,7,886,LR2 RC (M)
PUBLIC_PROXY,3351923,"605 32ND AVE, Seattle 98122",11,11,2025-10-16,2025-10-16,697000,1149950,697000,3,3.25,1820,1905,98122,SEATTLE,15,11,3000,NR3
PUBLIC_PROXY,3346596,"2107 19TH AVE S, Seattle 98144",1,11,2025-08-28,2025-08-28,1003000,1250000,1003000,4,2.75,2420,1963,98144,SEATTLE,79,1,6000,RSL (M)
PUBLIC_PROXY,3343010,"1329 N 47TH ST UNIT 31042, Seattle 98103",9,11,2025-08-08,2025-08-08,1131000,1270000,1131000,3,2.50,2370,1999,98103,SEATTLE,48,9,4000,NR3
PUBLIC_PROXY,3353917,"1420 5TH AVE SUITE 3200, Seattle 98102",3,11,2025-10-30,2025-10-30,1183000,1250000,1183000,3,1.50,1450,1911,98102,SEATTLE,13,3,4320,NR3
PUBLIC_PROXY,3356726,"1800 BOREN AVE APT 2014, Seattle 98101",98101,11,2025-11-18,2025-11-18,1366000,1290000,1366000,4,2.50,2020,1977,98101,Seattle,,,0,
PUBLIC_PROXY,3354362,"2400 NW 80TH ST #243, Seattle 98117",98117,2,2025-10-30,2025-10-30,2270000,1365000,2270000,5,4.00,3270,2025,98117,Seattle,,,0,
PUBLIC_PROXY,3362062,"8612 PALATINE AVENUE NORTH APT 301, Seattle 98103",98103,14,2026-01-07,2026-01-07,1430000,1300000,1430000,0,0.00,0,0,98103,Seattle,,,0,
PUBLIC_PROXY,3359996,"8745 EVANSTON AVE N, Seattle 98103",6,11,2025-12-12,2025-12-12,935000,1170000,935000,3,1.00,1360,1955,98103,SEATTLE,6,6,7995,NR3
PUBLIC_PROXY,3345571,"3854 36TH AVENUE WEST, Seattle 98199",7,11,2025-08-27,2025-08-27,739000,1106000,739000,2,1.00,760,1946,98199,SEATTLE,11,7,6000,NR3
PUBLIC_PROXY,3347046,"3217 48TH AVENUE SOUTHWEST, Seattle 98116",9,11,2025-09-09,2025-09-09,1278000,1250000,1278000,5,3.25,3090,1989,98116,SEATTLE,48,9,6100,NR3
PUBLIC_PROXY,3357421,"10559 41ST PL NE, Seattle 98125",5,11,2025-11-19,2025-11-19,1036000,1295000,1036000,4,2.00,2450,1960,98125,SEATTLE,8,5,7260,NR2
PUBLIC_PROXY,3349695,"68 LINCOLN DRIVE, Seattle 94965",2,11,2025-09-24,2025-09-24,1442000,1165000,1442000,8,3.50,3440,1912,94965,SEATTLE,82,2,3340,LR1 (M)
PUBLIC_PROXY,3350826,"430 8TH AVE N APT 301, Seattle 98109",7,11,2025-10-07,2025-10-07,923000,1140000,923000,3,2.25,1400,2023,98109,SEATTLE,13,7,746,LR2 (M)
PUBLIC_PROXY,3356309,"4545 34TH AVE S, Seattle 98118",6,3,2025-11-11,2025-11-11,1315000,1400000,1315000,4,3.00,2740,1936,98118,SEATTLE,81,6,6800,NR2
PUBLIC_PROXY,3354278,"4529-B RAINIER AVENUE SOUTH, Seattle 98118",60,11,2025-10-28,2025-10-28,847600,1100000,847600,0,0.00,0,0,98118,SEATTLE,40,60,1416,NC2-55 (M)
PUBLIC_PROXY,3350550,"8258 INTERLAKE AVE N, Seattle 98103",9,11,2025-10-06,2025-10-06,1148000,1240000,1148000,4,2.75,2170,1930,98103,SEATTLE,43,9,4053,NR3
PUBLIC_PROXY,3350997,"17609 107TH ST E, Seattle 98391",5,11,2025-10-07,2025-10-07,1567000,1313709,1567000,4,2.00,1860,1910,98391,SEATTLE,13,5,5475,LR3 (M)
PUBLIC_PROXY,3361016,"6031 77TH AVE SE, Seattle 98040",50,11,2025-12-24,2025-12-24,2233000,1300000,2233000,0,0.00,0,0,98040,SEATTLE,17,50,7440,NC2P-40
PUBLIC_PROXY,3351847,"602 NW 49TH ST, Seattle 98107",2,11,2025-10-08,2025-10-08,859000,1100000,859000,3,1.75,1880,1944,98107,SEATTLE,82,2,4175,NR3
PUBLIC_PROXY,3350538,"123 24TH AVENUE, Seattle 98112",3,11,2025-10-07,2025-10-07,923000,1135000,923000,4,2.00,1610,1900,98112,SEATTLE,15,3,7320,RSL (M)
PUBLIC_PROXY,3345280,"2026 E MILLER ST, Seattle 98112",5,11,2025-08-27,2025-08-27,1164000,1200000,1164000,2,1.50,1300,1930,98112,SEATTLE,13,5,6000,NR3
PUBLIC_PROXY,3346466,"6104 LATONA AVENUE NE, Seattle 98115",5,11,2025-09-06,2025-09-06,1130000,1375000,1130000,3,1.75,2260,1927,98115,SEATTLE,43,5,6000,NR3
PUBLIC_PROXY,3354342,"2555 QUEEN ANNE AVE N, Seattle 98109",2,11,2025-10-30,2025-10-30,1425000,1250000,1425000,5,1.75,2360,1910,98109,SEATTLE,12,2,3400,NR3
PUBLIC_PROXY,3353235,"6732 5TH AVE NW, Seattle 98117",11,11,2025-10-25,2025-10-25,1146000,1235000,1146000,4,2.50,2520,1928,98117,SEATTLE,82,11,5000,NR3
PUBLIC_PROXY,3342976,"1017 NORTH 39TH STREET APT C, Seattle 98103",10,11,2025-08-12,2025-08-12,1041000,1100000,1041000,3,1.75,1980,1940,98103,SEATTLE,19,10,4500,NR3
PUBLIC_PROXY,3348163,"377 VALLEY ST, Seattle 98109",5,13,2025-09-09,2025-09-09,1267000,1295000,1267000,3,2.25,1960,2024,98109,SEATTLE,12,5,933,LR3 (M)
PUBLIC_PROXY,3343260,"588 BELL ST 1407, Seattle 98121",9,91,2025-08-12,2025-08-12,1491000,1400000,1491000,0,0.00,0,0,98121,SEATTLE,46,9,5261,NR3
PUBLIC_PROXY,3363109,"1227B NORTH 48TH ST, Seattle 98103",3,11,2026-01-15,2026-01-15,1054000,1285000,1054000,4,1.75,1930,2025,98103,SEATTLE,42,3,1218,LR2 (M1)
PUBLIC_PROXY,3359733,"1405A N 47TH ST, Seattle 98103",4,11,2025-12-16,2025-12-16,1132000,1276297,1132000,4,2.00,1970,1914,98103,SEATTLE,45,4,6120,RSL (M)
PUBLIC_PROXY,3343554,"5811 PRINCETON AVE NE, Seattle 98105",3,11,2025-08-14,2025-08-14,1126000,1250000,1126000,3,2.00,1370,1951,98105,SEATTLE,44,3,4000,NR3
PUBLIC_PROXY,3357151,"18815 3RD AVE S, Seattle 98148",98148,11,2025-11-24,2025-11-24,1240000,1200000,1240000,4,1.75,1800,1962,98148,Seattle,,,0,
PUBLIC_PROXY,3344252,"8626 202ND ST SW, Seattle 98026",5,11,2025-08-21,2025-08-21,1105000,1231000,1105000,4,1.75,2120,1944,98026,SEATTLE,46,5,6120,NR3
PUBLIC_PROXY,3345301,"2331 FAIRVIEW AVE E SLIP 1, Seattle 98102",1,12,2025-08-22,2025-08-22,1228000,1200000,1228000,4,3.00,2340,1963,98102,SEATTLE,19,1,5553,LR1 (M)
PUBLIC_PROXY,3354679,"2720 NOB HILL AVENUE NORTH, Seattle 98109",2,11,2025-11-01,2025-11-01,1069000,1288000,1069000,4,3.25,2200,2002,98109,SEATTLE,12,2,3002,LR1 (M)
PUBLIC_PROXY,3351486,"514 30TH AVENUE E, Seattle 98112",4,11,2025-10-13,2025-10-13,971000,1220000,971000,3,1.75,1880,1905,98112,SEATTLE,15,4,4400,NR3
PUBLIC_PROXY,3358704,"14637 36TH CT NE, Seattle 98155",6,11,2025-12-08,2025-12-08,1033000,1290000,1033000,2,1.50,2380,1947,98155,SEATTLE,45,6,10260,NR2
PUBLIC_PROXY,3357395,"4642 EASTERN AVE N, Seattle 98103",8,11,2025-11-21,2025-11-21,1410000,1107231,1410000,4,2.00,1890,1912,98103,SEATTLE,43,8,4065,NR3
PUBLIC_PROXY,3358288,"2715 MEADOW AVE N, Seattle 98056",5,11,2025-12-05,2025-12-05,939000,1100000,939000,5,1.75,2720,1914,98056,SEATTLE,43,5,5940,NR3
PUBLIC_PROXY,3353869,"2327 N 117TH STREET, Seattle 98133",5,11,2025-10-30,2025-10-30,1027000,1175000,1027000,3,2.50,2600,1949,98133,SEATTLE,6,5,13020,NR2
PUBLIC_PROXY,3362163,"5117 SOUTH PEARL STREET, Seattle 98118",6,11,2026-01-08,2026-01-08,1188000,1270000,1188000,4,3.50,2940,2000,98118,SEATTLE,81,6,3000,NR3
PUBLIC_PROXY,3351478,"4028 WOODLAWN AVE N, Seattle 98103",8,12,2025-10-10,2025-10-10,1351000,1245000,1351000,5,1.50,2310,1921,98103,SEATTLE,43,8,4050,LR1 (M1)
PUBLIC_PROXY,3356703,"1003 NORTHEAST 126TH STREET, Seattle 98125",6,11,2025-11-17,2025-11-17,791000,1195995,791000,4,2.25,2230,1950,98125,SEATTLE,7,6,10052,NR2
PUBLIC_PROXY,3347723,"1225 NORTH 48TH ST, Seattle 98103",3,11,2025-09-02,2025-09-02,1111000,1300000,1111000,4,2.75,1740,2025,98103,SEATTLE,42,3,1412,LR2 (M1)
PUBLIC_PROXY,3344881,"3201 SW GENESEE ST, Seattle 98126",2,11,2025-08-21,2025-08-21,952000,1140000,952000,4,2.25,2010,1918,98126,SEATTLE,18,2,4800,RSL (M)
PUBLIC_PROXY,3354269,"8814 EARL AVENUE NW, Seattle 98117",6,11,2025-10-29,2025-10-29,1466000,1310000,1466000,4,4.00,2580,1971,98117,SEATTLE,39,6,6150,NR2
PUBLIC_PROXY,3358009,"PO BOX 33461, Seattle 98133",98133,11,2025-11-18,2025-11-18,1281000,1300000,1281000,4,1.75,2160,1967,98133,Seattle,,,0,
PUBLIC_PROXY,3350351,"400 112TH AVE NE SUITE 300, Seattle 98004",5,2,2025-10-02,2025-10-02,1712000,1100000,1712000,4,3.25,2810,2025,98004,SEATTLE,45,5,6018,NR3
PUBLIC_PROXY,3350841,"8334 26TH AVENUE NORTHWEST UNIT B, Seattle 98117",3,11,2025-10-07,2025-10-07,893000,1100000,893000,3,1.75,1600,1947,98117,SEATTLE,11,3,4375,NR3
PUBLIC_PROXY,3347282,"535 N 73RD ST, Seattle 98103",8,11,2025-09-11,2025-09-11,1031000,1283700,1031000,3,3.00,1870,1914,98103,SEATTLE,42,8,3264,NR3
PUBLIC_PROXY,3346351,"4338 28TH AVE S, Seattle 98144",10,11,2025-09-06,2025-09-06,1207000,1190000,1207000,4,2.50,1820,1990,98144,SEATTLE,14,10,5000,NR3
PUBLIC_PROXY,3343866,"16010 NE 117TH WAY, Seattle 98052",40,58,2025-08-18,2025-08-18,1996400,1300000,1996400,0,0.00,0,0,98052,SEATTLE,17,40,6437,NC2-40
PUBLIC_PROXY,3363111,"155 BARLOW BAY RD, Seattle 98261",5,11,2026-01-13,2026-01-13,1431000,1335000,1431000,3,3.00,2070,2024,98261,SEATTLE,12,5,1048,LR3 (M)
PUBLIC_PROXY,3355615,"7542 25TH AVE NW, Seattle 98117",10,11,2025-11-07,2025-11-07,1113000,1280000,1113000,4,1.75,2140,1956,98117,SEATTLE,19,10,4000,NR3
PUBLIC_PROXY,3345691,"2206 N 39TH ST, Seattle 98103",7,11,2025-08-29,2025-08-29,974000,1165000,974000,3,1.00,1430,1928,98103,SEATTLE,43,7,2500,NR3
PUBLIC_PROXY,3358730,"120 NW CANAL STREET, Seattle 98107",20,59,2025-12-04,2025-12-04,1113600,1275000,1113600,0,0.00,0,0,98107,SEATTLE,19,20,4400,MML U/65
PUBLIC_PROXY,3354268,"321 W GARFIELD ST, Seattle 98119",9,11,2025-10-21,2025-10-21,1061000,1140000,1061000,3,1.00,1500,1900,98119,SEATTLE,12,9,2400,NR3
PUBLIC_PROXY,3352442,"5110 S GARDE LOOP RD, Seattle 98188",98188,11,2025-10-13,2025-10-13,965000,1100000,965000,3,2.50,1870,1999,98188,Seattle,,,0,
PUBLIC_PROXY,3343324,"1709 NW 64TH ST, Seattle 98107",1,11,2025-08-12,2025-08-12,1204000,1165000,1204000,3,3.25,2010,2020,98107,SEATTLE,19,1,1920,LR1 (M)
PUBLIC_PROXY,3357234,"21912 78TH PL W, Seattle 98026",10,2,2025-11-21,2025-11-21,1138000,1200000,1138000,3,2.00,2040,1907,98026,SEATTLE,19,10,5100,NR3
PUBLIC_PROXY,3348284,"3247 WALNUT AVE SW, Seattle 98116",6,11,2025-09-20,2025-09-20,1031000,1215000,1031000,3,1.75,2060,1910,98116,SEATTLE,48,6,5103,NR3
PUBLIC_PROXY,3354359,"4526-B CORLISS AVE N, Seattle 98103",8,10,2025-11-04,2025-11-04,822000,1229000,822000,3,2.25,1640,2025,98103,SEATTLE,43,8,1333,LR1 (M1)
PUBLIC_PROXY,3352596,"1856 N WESTERN AVE 3F, Seattle 60647",6,3,2025-10-09,2025-10-09,955000,1150000,955000,3,1.50,1430,1954,60647,SEATTLE,39,6,6009,NR2
PUBLIC_PROXY,3350564,"1937 6TH AVE W, Seattle 98119",9,11,2025-09-30,2025-09-30,1312000,1355000,1312000,2,1.50,1540,1904,98119,SEATTLE,12,9,3600,NR3
PUBLIC_PROXY,3350458,"3024 21ST AVE W UNIT B, Seattle 98199",4,11,2025-09-30,2025-09-30,1002000,1163000,1002000,5,2.75,2160,1988,98199,SEATTLE,7,4,7219,NR2
PUBLIC_PROXY,3346053,"2802 S ALASKA PLACE, Seattle 98108",11,11,2025-09-04,2025-09-04,1311000,1346500,1311000,4,3.75,2360,2016,98108,SEATTLE,81,11,11904,NR3
PUBLIC_PROXY,3355822,"6057 28TH AVENUE NE, Seattle 98115",2,11,2025-11-13,2025-11-13,1264000,1320000,1264000,3,2.50,2260,1925,98115,SEATTLE,44,2,5000,NR3
PUBLIC_PROXY,3356734,"6515 22ND AVENUE NW, Seattle 98117",10,11,2025-11-18,2025-11-18,1076000,1112637,1076000,5,2.50,2490,1928,98117,SEATTLE,19,10,4896,NR3
PUBLIC_PROXY,3344933,"1927 NW 97TH ST, Seattle 98117",6,11,2025-08-27,2025-08-27,1129000,1100000,1129000,1,1.00,670,1936,98117,SEATTLE,39,6,7918,NR2
PUBLIC_PROXY,3362825,"3815 S OTHELLO ST.  STE. 100-3, Seattle 98118",1,11,2026-01-09,2026-01-09,1022000,1100000,1022000,3,2.50,1900,1956,98118,SEATTLE,17,1,8461,NR3
PUBLIC_PROXY,3349733,"13033 28TH AVE NE, Seattle 98125",11,2,2025-09-30,2025-09-30,2516000,1299950,2516000,4,3.25,2030,2025,98125,SEATTLE,82,11,6625,NR3
PUBLIC_PROXY,3348249,"8700 240TH STREET SOUTHWEST, Seattle 98026",5,13,2025-09-17,2025-09-17,1517000,1325000,1517000,0,0.00,0,0,98026,SEATTLE,14,5,4820,LR3 (M)
PUBLIC_PROXY,3352854,"8034 17TH AVE NW, Seattle 98117",10,11,2025-10-20,2025-10-20,869000,1175000,869000,3,1.75,1520,1942,98117,SEATTLE,19,10,4501,RSL (M)
PUBLIC_PROXY,3350094,"6739 19TH AVE NW UNIT B, Seattle 98117",3,11,2025-10-01,2025-10-01,1059000,1210000,1059000,4,2.00,2170,1952,98117,SEATTLE,39,3,7440,NR2
PUBLIC_PROXY,3362982,"1212 N ALLEN PLACE, Seattle 98103",7,11,2026-01-14,2026-01-14,1310000,1275000,1310000,2,1.00,1200,1916,98103,SEATTLE,43,7,5000,LR3 (M2)
PUBLIC_PROXY,3352253,"132 NORTH 77TH STREET, Seattle 98103",11,11,2025-10-20,2025-10-20,1122000,1210000,1122000,4,2.00,2610,1923,98103,SEATTLE,82,11,4635,NR3
PUBLIC_PROXY,3363525,"7357 12TH AVENUE NW, Seattle 98117",11,11,2026-01-22,2026-01-22,898000,1165000,898000,2,1.00,1700,1937,98117,SEATTLE,82,11,4500,NR3
PUBLIC_PROXY,3352294,"2310 NE 94TH ST, Seattle 98115",5,11,2025-10-16,2025-10-16,989000,1180188,989000,3,1.75,2020,1946,98115,SEATTLE,45,5,6815,NR3
PUBLIC_PROXY,3344700,"5201 BEACH DR SW, Seattle 98136",9,11,2025-08-21,2025-08-21,1004000,1180000,1004000,3,1.75,1780,1965,98136,SEATTLE,48,9,8250,NR3
PUBLIC_PROXY,3349969,"6412 SW HINDS STREET, Seattle 98116",5,11,2025-09-29,2025-09-29,1271000,1325000,1271000,4,1.50,1350,1947,98116,SEATTLE,16,5,5160,NR3
PUBLIC_PROXY,3359344,"10625 NE 137TH PL, Seattle 98034",5,11,2025-12-10,2025-12-10,1083000,1199000,1083000,4,1.75,2220,1957,98034,SEATTLE,8,5,8222,NR2
PUBLIC_PROXY,3364282,"8333 DIBBLE AVE NW, Seattle 98117",11,11,2026-01-28,2026-01-28,1027000,1130000,1027000,3,1.75,1800,1923,98117,SEATTLE,82,11,4700,RSL (M)
PUBLIC_PROXY,3344729,"4529 S ORCAS ST UNIT A, Seattle 98118",98118,10,2025-08-26,2025-08-26,1115000,1175000,1115000,0,0.00,0,0,98118,Seattle,,,0,
PUBLIC_PROXY,3349459,"2617 32ND AVE W, Seattle 98199",7,11,2025-09-26,2025-09-26,1003000,1268500,1003000,3,2.00,1880,1949,98199,SEATTLE,11,7,6000,NR3
PUBLIC_PROXY,3351901,"583 BATTERY STREET UNIT 1207N, Seattle 98121",98121,14,2025-10-09,2025-10-09,1068000,1300000,1068000,0,0.00,0,0,98121,Seattle,,,0,
